Workbook

Sheet README
A1: VELOOP REWARDS - Task 01 | Work Package M: Analytics Dashboard Blueprint
A2: This is a dashboard specification, not a production dashboard. Wireframes show layout only; no data or results are shown. No simulated or real VELOOP statistics are included.
A3: Metric, calculation and source for every visual are taken from the KPI Catalogue (Work Package I), so the two documents agree.
A5: Open questions:
A6: - Which BI tool will be used? This blueprint is tool-neutral and works in a spreadsheet-based or open-source tool at first.
A7: - Which KPIs marked To Be Verified should be hidden until their definitions are confirmed?
A8: - Is country-level geography available at registration (A045)?
A9: - At what time of day should the daily refresh run, and in which timezone (A012)?
A10: - Who may see row-level data? (Work Package P)
A12: Live counts
A13: Dashboards | B13: =COUNTA(Dashboards!A:A)-1 -> 7
A14: Visuals specified | B14: =COUNTA(Visual_Specs!C:C)-1 -> 56
A15: KPIs not used on any dashboard | B15: =COUNTIF(KPI_Coverage!C:C,0) -> 0

Sheet Visual_Specs
A1: Dash # | B1: Dashboard | C1: Visual ID | D1: Visual | E1: Metric | F1: KPI IDs | G1: Calculation | H1: Source | I1: Visualization | J1: Filters | K1: Dimensions | L1: Date range | M1: Refresh frequency | N1: Business question | O1: Decision supported
A2: 1 | B2: Executive Overview | C2: 1.1 | D2: Active users | E2: Daily Active Users (DAU); Weekly Active Users (WAU); Monthly Active Users (MAU) | F2: U02, U03, U04 | G2: Daily Active Users (DAU): COUNT(DISTINCT user_id) with a qualifying event on the date (UTC; timezone to be agreed) | Weekly Active Users (WAU): COUNT(DISTINCT user_id) with a qualifying event in the week (week definition to be agreed) | Monthly Active Users (MAU): COUNT(DISTINCT user_id) with a qualifying event in the month | H2: Feature_Events | I2: KPI tiles with trend line | J2: Date range, platform, country_code | K2: platform, country_code | L2: Last 30 days, selectable; previous period shown for comparison | M2: Daily | N2: How many people are actively using VELOOP? | O2: Whether a change in activity is large enough to open the User and Engagement dashboards
A3: 1 | B3: Executive Overview | C3: 1.2 | D3: New registrations | E3: Registrations | F3: U01 | G3: Registrations: COUNT(user_id) where registered_at is in the period | H3: Users | I3: Stacked line chart | J3: Date range, platform, country_code | K3: registration_source | L3: Last 30 days, selectable; previous period shown for comparison | M3: Daily | N3: Is sign-up volume changing, and from which source? | O3: Where to look first when sign-ups move
A4: 1 | B4: Executive Overview | C4: 1.3 | D4: Task attempts and completions | E4: Task Starts; Task Completions; Task Completion Rate | F4: E03, E04, E05 | G4: Task Starts: COUNT(task_activity_id) with task_started in the period | Task Completions: COUNT(task_activity_id) with task_completed in the period (by completed_at) | Task Completion Rate: Validated attempts / started attempts, for attempts started in the period | H4: Task_Activity | I4: Bars (starts, completions) with rate line | J4: Date range, platform, country_code | K4: task_type | L4: Last 30 days, selectable; previous period shown for comparison | M4: Daily | N4: Are attempts turning into validated completions? | O4: Whether to look into validation or task design
A5: 1 | B5: Executive Overview | C5: 1.4 | D5: Rewards credited by unit | E5: Reward Credits; Reward Reversals | F5: R02, R03 | G5: Amounts are never added across units | H5: Rewards | I5: Clustered bars, one panel per unit | J5: Date range, platform, country_code | K5: reward_unit, source_feature | L5: Last 30 days, selectable; previous period shown for comparison | M5: Daily | N5: How much has been credited and reversed, per unit? | O5: Whether reward volume needs a closer review
A6: 1 | B6: Executive Overview | C6: 1.5 | D6: Wallet integrity | E6: Wallet Reversals; Wallet Reconciliation Exceptions | F6: W04, T01 | G6: Wallet Reversals: COUNT(transaction_id) where transaction_type = reversal; share = reversals / completed entries | Wallet Reconciliation Exceptions: COUNT(user_id, unit) where SUM(completed credits) - SUM(completed debits) differs from the latest balance_after | H6: Wallet_Transactions | I6: KPI tiles with status colour | J6: Date range, platform, country_code | K6: transaction_type | L6: Current snapshot | M6: Daily | N6: Do wallet records agree and how often are entries reversed? | O6: Whether to escalate to Engineering before publishing wallet figures
A7: 1 | B7: Executive Overview | C7: 1.6 | D7: Withdrawal progress | E7: Withdrawal Requests; Completed Withdrawals; Pending Withdrawals; Rejected Withdrawals | F7: D01, D02, D03, D04 | G7: Withdrawal Requests: COUNT(withdrawal_id) where requested_at is in the period | Completed Withdrawals: COUNT(withdrawal_id) where status = completed and final_at is in the period | Pending Withdrawals: COUNT(withdrawal_id) where status is requested or processing | Rejected Withdrawals: COUNT(withdrawal_id) where status = rejected and final_at is in the period | H7: Withdrawals | I7: Stacked bars by status with tiles | J7: Date range, platform, country_code | K7: method, status | L7: Last 30 days, selectable; previous period shown for comparison | M7: Daily | N7: How are withdrawal requests progressing? | O7: Review capacity and whether to escalate stuck requests
A8: 1 | B8: Executive Overview | C8: 1.7 | D8: Referral funnel | E8: Referrals Created; Referral Registrations; Referral Activations; Referral Conversions | F8: F01, F02, F03, F04 | G8: Referrals Created: COUNT(referral_id) by created_at | Referral Registrations: COUNT(referral_id) where registered_at is in the period | Referral Activations: COUNT(referral_id) where activated_at is in the period | Referral Conversions: COUNT(referral_id) where converted_at is in the period | H8: Referrals | I8: Funnel | J8: Date range, platform, country_code | K8: source_channel | L8: Last 30 days, selectable; previous period shown for comparison | M8: Daily | N8: Do referrals become registered, active, converted users? | O8: Whether the referral rules or activation definition need review
A9: 1 | B9: Executive Overview | C9: 1.8 | D9: Data trust strip | E9: Event Delivery Delay; Provider Callback Reliability | F9: T03, T02 | G9: Also shows quarantined record count and unresolved-key rate from the quality framework | H9: Feature_Events, Task_Activity | I9: Status tiles plus 'data as of' banner | J9: Date range, platform, country_code | K9: table, rule_id | L9: Current snapshot | M9: Daily | N9: Can today's numbers be trusted? | O9: Whether figures need a caveat
A10: 2 | B10: User Analytics | C10: 2.1 | D10: Registrations over time | E10: Registrations | F10: U01 | G10: Registrations: COUNT(user_id) where registered_at is in the period | H10: Users | I10: Line chart | J10: Date range, platform, registration_source, country_code, campaign_id | K10: registration_source, platform | L10: Last 30 days, selectable; previous period shown for comparison | M10: Daily | N10: How is sign-up volume changing? | O10: Timing of acquisition activity
A11: 2 | B11: User Analytics | C11: 2.2 | D11: Acquisition source | E11: Registrations | F11: U01 | G11: Registrations: COUNT(user_id) where registered_at is in the period | H11: Users | I11: Horizontal bar (share) | J11: Date range, platform, registration_source, country_code, campaign_id | K11: registration_source, campaign_id | L11: Last 30 days, selectable; previous period shown for comparison | M11: Daily | N11: Which channels bring users? | O11: Where acquisition effort is reviewed
A12: 2 | B12: User Analytics | C12: 2.3 | D12: Active users trend | E12: Daily Active Users (DAU); Weekly Active Users (WAU); Monthly Active Users (MAU) | F12: U02, U03, U04 | G12: Daily Active Users (DAU): COUNT(DISTINCT user_id) with a qualifying event on the date (UTC; timezone to be agreed) | Weekly Active Users (WAU): COUNT(DISTINCT user_id) with a qualifying event in the week (week definition to be agreed) | Monthly Active Users (MAU): COUNT(DISTINCT user_id) with a qualifying event in the month | H12: Feature_Events | I12: Line chart | J12: Date range, platform, registration_source, country_code, campaign_id | K12: platform | L12: Last 30 days, selectable; previous period shown for comparison | M12: Daily | N12: Is the active base growing, flat or falling? | O12: Whether to investigate engagement
A13: 2 | B13: User Analytics | C13: 2.4 | D13: Returning vs active | E13: Returning Users; Daily Active Users (DAU) | F13: U05, U02 | G13: Returning share = Returning Users / active users in the same period | H13: Feature_Events, Users | I13: Stacked bar | J13: Date range, platform, registration_source, country_code, campaign_id | K13: platform | L13: Last 30 days, selectable; previous period shown for comparison | M13: Daily | N13: How much activity comes from returning users? | O13: Whether to focus on retention or new users
... A57: 7 | B57: Referrals | C57: 7.6 | D57: Referral cohorts | E57: Referral Conversion Rate | F57: F06 | G57: Referral Conversion Rate: Converted / created, for referrals created in the period | H57: Referrals | I57: Table by creation week | J57: Date range, source_channel, platform, registration_source | K57: created week, source_channel | L57: Referral creation cohorts by week | M57: Daily refresh (weekly measure) | N57: Do older referrals mature into conversions? | O57: Whether recent rates will rise as referrals mature

Sheet Dashboards
A1: # | B1: Dashboard | C1: Audience | D1: Purpose | E1: Global filters | F1: Sections (from brief) | G1: Visuals
A2: 1 | B2: Executive Overview | C2: Management, Product, Operations | D2: One-screen picture across users, engagement, rewards, wallet, withdrawals and referrals, with a data-trust strip so readers know how far to rely on the numbers | E2: Date range, platform, country_code | F2: user activity, engagement, reward activity, wallet activity, withdrawal activity, referral activity | G2: =COUNTIF(Visual_Specs!A:A,A2) -> 8
A3: 2 | B3: User Analytics | C3: Product, Marketing | D3: Understand who joins, from where, on which platform, and whether they stay | E3: Date range, platform, registration_source, country_code, campaign_id | F3: registrations, active users, returning users, acquisition source, device, geographic distribution, user lifecycle | G3: =COUNTIF(Visual_Specs!A:A,A3) -> 11
A4: 3 | B4: Engagement | C4: Product, Operations | D4: See which features and tasks people use, whether they finish them and whether they come back | E4: Date range, feature, task_type, platform | F4: feature usage, task activity, completion, repeat usage, activity trends, support and help | G4: =COUNTIF(Visual_Specs!A:A,A4) -> 10
A5: 4 | B5: Rewards | C5: Finance, Operations, Product | D5: Show what rewards are given, from which features, in what state, and how often they are undone | E5: Date range, source_feature, reward_unit, reward_status | F5: reward activity, reward source, reward status, reward trends, reversal activity | G5: =COUNTIF(Visual_Specs!A:A,A5) -> 6
A6: 5 | B6: Wallet | C6: Finance, Engineering, Operations | D6: Show ledger activity and whether wallet records agree with each other | E6: Date range, transaction_type, unit, source_feature | F6: transactions, credits, redemptions, reversals, activity trends, reconciliation | G6: =COUNTIF(Visual_Specs!A:A,A6) -> 7
A7: 6 | B7: Withdrawals | C7: Operations, Finance | D7: Show how withdrawal requests move through the lifecycle, how long they take and where they stall | E7: Date range, method, status, requested_unit, reason_category | F7: requests, status, processing duration, payout methods, trends | G7: =COUNTIF(Visual_Specs!A:A,A7) -> 8
A8: 7 | B8: Referrals | C8: Product, Marketing | D8: Show whether referrals become real, active users, keeping registration separate from conversion | E8: Date range, source_channel, platform, registration_source | F8: referral creation, registrations, activations, conversion | G8: =COUNTIF(Visual_Specs!A:A,A8) -> 6

Sheet Standards
A1: Standard | B1: Rule
A2: Data trust | B2: Every dashboard shows 'data as of', the count of quarantined records, and the unresolved-key rate from the quality framework (Work Package L).
A3: No targets | B3: No dashboard shows a target, benchmark or goal line. Comparison is with the previous period only.
A4: Units | B4: Amounts are shown per unit. A visual never adds different units together (rule DQ035).
A5: Open items | B5: Rates that mature over time show the unresolved or pending share beside them. Incomplete periods are shaded.
A6: Labels | B6: Proposed and To Be Verified KPIs are marked in tooltips until they are confirmed.
A7: Personal data | B7: No visual shows names, contact details or precise location. Geography is country level.
A8: Simulated data | B8: Any dashboard fed by simulated data carries the banner 'SIMULATED DATA - CREATED FOR ANALYTICAL TESTING' and never mixes with production data.
A9: Refresh | B9: Daily batch refresh. Real-time is not proposed; it can be added when a decision needs it.
A10: Access | B10: Executive and aggregated views for Product, Operations and Content; row-level data only for Engineering and Data Analyst roles (Work Package P).

Sheet KPI_Coverage
A1: KPI ID | B1: KPI Name | C1: Visuals using it
A2: U01 | B2: Registrations | C2: =COUNTIF(Visual_Specs!F:F,"*"&A2&"*") -> 5
A3: U02 | B3: Daily Active Users (DAU) | C3: =COUNTIF(Visual_Specs!F:F,"*"&A3&"*") -> 7
A4: U03 | B4: Weekly Active Users (WAU) | C4: =COUNTIF(Visual_Specs!F:F,"*"&A4&"*") -> 2
A5: U04 | B5: Monthly Active Users (MAU) | C5: =COUNTIF(Visual_Specs!F:F,"*"&A5&"*") -> 2
A6: U05 | B6: Returning Users | C6: =COUNTIF(Visual_Specs!F:F,"*"&A6&"*") -> 1
A7: U06 | B7: Inactive Users | C7: =COUNTIF(Visual_Specs!F:F,"*"&A7&"*") -> 1
A8: U07 | B8: Onboarding Completion Rate | C8: =COUNTIF(Visual_Specs!F:F,"*"&A8&"*") -> 1
A9: U08 | B9: Cohort Retention (Day N) | C9: =COUNTIF(Visual_Specs!F:F,"*"&A9&"*") -> 1
A10: U09 | B10: Account Status Mix | C10: =COUNTIF(Visual_Specs!F:F,"*"&A10&"*") -> 1
A11: U10 | B11: Daily Visitors | C11: =COUNTIF(Visual_Specs!F:F,"*"&A11&"*") -> 1
A12: E01 | B12: Feature Usage | C12: =COUNTIF(Visual_Specs!F:F,"*"&A12&"*") -> 1
A13: E02 | B13: Feature Adoption Rate | C13: =COUNTIF(Visual_Specs!F:F,"*"&A13&"*") -> 1
... A55: T03 | B55: Event Delivery Delay | C55: =COUNTIF(Visual_Specs!F:F,"*"&A55&"*") -> 1
