Workbook

Sheet README
A1: VELOOP REWARDS - Task 01 | Step 2: Product Data Readiness Audit (Work Package A)
A3: IMPORTANT: Every row here is PROPOSED or TO BE VERIFIED. No event, field or feature is claimed to exist in VELOOP. Confirmation requires engineering/product (see Assumption_Register in Step 1).
A4: No simulated or real VELOOP statistics appear in this workbook.
A6: Aligned with the Event Tracking Plan (08): same event names, sources, statuses and priorities. Sheets: Coverage_Summary | A1 product area map | A2 user action sequences | A3 user vs system vs business outcome | A4 data coverage matrix | Analytics_Gaps
A8: Live counts
A9: Product areas mapped (A1) | B9: =COUNTA(A1_Product_Area_Map!A:A)-1 -> 20
A10: Coverage matrix rows (A4) | B10: =COUNTA(A4_Data_Coverage_Matrix!A:A)-1 -> 42
A11: Distinct events in matrix (A4, rows with event name) | B11: =COUNTA(A4_Data_Coverage_Matrix!F:F)-1 -> 42
A12: Analytics gaps identified | B12: =COUNTA(Analytics_Gaps!A:A)-1 -> 15
A13: Gaps rated Critical | B13: =COUNTIF(Analytics_Gaps!E:E,"Critical") -> 5
A14: Gaps rated High | B14: =COUNTIF(Analytics_Gaps!E:E,"High") -> 7
A15: Matrix rows rated Critical | B15: =COUNTIF(A4_Data_Coverage_Matrix!J:J,"Critical") -> 9

Sheet A1_Product_Area_Map
A1: ID | B1: Product Area | C1: Feature | D1: User Action | E1: System Outcome | F1: Data Required | G1: Business Question | H1: Status
A2: PA01 | B2: Account | C2: Registration | D2: User signs up | E2: Account created; user_id issued | F2: user_id, registered_at, registration_source, platform, referral_code_used | G2: How many users sign up and through which source? | H2: To Be Verified
A3: PA02 | B3: Account | C3: Login | D3: User logs in / out | E3: Session started or ended | F3: user_id, login_at, platform, session_id (proposed) | G3: How often do registered users come back? | H3: To Be Verified
A4: PA03 | B4: Account | C4: Onboarding | D4: User starts / completes onboarding steps | E4: Onboarding state updated | F4: user_id, onboarding_step, step_started_at, step_completed_at | G4: Where do new users drop off before first earning? | H4: Proposed
A5: PA04 | B5: Account | C5: Account status | D5: (none; system or admin action) | E5: Status changed (e.g. active, restricted, closed) | F5: user_id, old_status, new_status, changed_at, reason_category | G5: How many accounts change state and why? | H5: To Be Verified
A6: PA05 | B6: Tasks | C6: Task catalogue | D6: View, open, start, complete a task | E6: Completion validated; reward credited or rejected | F6: task_id, task_type, user_id, start/complete time, validation_status, reward_amount, reward_unit | G6: Which tasks get started, finished and rewarded? | H6: To Be Verified
A7: PA06 | B7: Earning | C7: Watch Ads | D7: Starts and finishes an ad view | E7: Ad provider returns completion signal; reward credited | F7: ad_provider, ad_placement_id, ad_started_at, ad_completed_flag, reward_amount | G7: What share of ad views end in a credited reward? | H7: To Be Verified
A8: PA07 | B8: Earning | C8: Tap & Earn | D8: Taps / collects | E8: Tap count or energy recorded; reward credited | F8: user_id, tap_session_id, tap_count, reward_amount, reward_unit | G8: How much of the user base uses tap-based earning, and how often? | H8: To Be Verified
A9: PA08 | B9: Earning | C9: Mining | D9: Starts a cycle; claims result | E9: Cycle completes; reward credited on claim | F9: mining_cycle_id, start_time, end_time, claimed_at, reward_amount | G9: Do users return to claim and restart cycles? | H9: To Be Verified
A10: PA09 | B10: Engagement | C10: Daily Rewards | D10: Claims daily reward | E10: Reward credited; streak updated | F10: user_id, claim_date, streak_day, reward_amount | G10: Do daily rewards build repeat usage? | H10: To Be Verified
A11: PA10 | B11: Engagement | C11: Streaks | D11: (follows daily activity) | E11: Streak incremented or reset | F11: user_id, streak_count, previous_streak_count, change_reason | G11: How long do streaks last and when do they break? | H11: To Be Verified
A12: PA11 | B12: Engagement | C12: Spin | D12: Starts a spin | E12: Outcome determined; reward credited | F12: spin_id, spin_started_at, outcome_category, reward_amount, reward_unit | G12: How often is Spin used and what is the reward distribution? | H12: To Be Verified
... A21: PA20 | B21: Third parties | C21: Ad / survey / offer / game providers | D21: (indirect) | E21: Provider returns success, failure or delay | F21: provider_name, provider_reference_id, provider_status, callback_received_at | G21: How much data loss or delay comes from external providers? | H21: To Be Verified

Sheet A2_User_Actions
A1: Feature | B1: Step | C1: Step Name | D1: Actor | E1: Measurable event? | F1: Proposed Event | G1: Reason
A2: Tasks | B2: 1 | C2: Task viewed | D2: User | E2: Optional | F2: task_viewed | G2: Needed for discovery-to-start conversion; high volume, so sample if cost matters
A3: Tasks | B3: 2 | C3: Task opened | D3: User | E3: Yes | F3: task_opened | G3: Shows intent beyond a view
A4: Tasks | B4: 3 | C4: Task started | D4: User | E4: Yes | F4: task_started | G4: Denominator for completion rate
A5: Tasks | B5: 4 | C5: Task completed (user side) | D5: User | E5: No (merge into step 5) | F5: - | G5: Completion before validation must not be counted as success
A6: Tasks | B6: 5 | C6: Completion validated | D6: System | E6: Yes | F6: task_completed | G6: Fire only after validation passes (as brief example)
A7: Tasks | B7: 6 | C7: Validation failed / user abandoned | D7: System / User | E7: Yes | F7: task_failed | G7: Needed to explain the gap between starts and completions
A8: Tasks | B8: 7 | C8: Reward credited | D8: System | E8: Yes | F8: reward_credited | G8: Separate from completion: activity occurred is not reward credited
A9: Watch Ads | B9: 1 | C9: Ad requested / shown | D9: System | E9: Optional | F9: ad_shown | G9: Provider may fail to serve; measures fill problems
A10: Watch Ads | B10: 2 | C10: Ad completed | D10: User + provider | E10: Yes | F10: ad_completed | G10: Depends on provider signal; record source
A11: Watch Ads | B11: 3 | C11: Reward credited | D11: System | E11: Yes | F11: reward_credited | G11: Links to wallet transaction
A12: Daily Rewards | B12: 1 | C12: Daily reward claimed | D12: User | E12: Yes | F12: daily_reward_claimed | G12: Core daily activity signal
A13: Daily Rewards | B13: 2 | C13: Streak updated | D13: System | E13: Yes | F13: streak_updated | G13: Records both increments and resets
... A30: Withdrawals | B30: 4 | C30: Rejected / reversed | D30: System | E30: Yes | F30: withdrawal_rejected / withdrawal_reversed | G30: Alternative end states; each needs reason category

Sheet A3_Event_Classification
A1: Item | B1: Classification | C1: Why | D1: Proposed Event
A2: User opens a task | B2: User Event | C2: Initiated by the user | D2: task_opened
A3: User starts a task | B3: User Event | C3: Initiated by the user | D3: task_started
A4: User claims daily reward | B4: User Event | C4: Initiated by the user | D4: daily_reward_claimed
A5: User requests withdrawal | B5: User Event | C5: Initiated by the user | D5: withdrawal_requested
A6: User starts a spin | B6: User Event | C6: Initiated by the user | D6: spin_started
A7: User logs in | B7: User Event | C7: Initiated by the user | D7: user_logged_in
A8: Task completion validated | B8: System Event | C8: Decided by system rules | D8: task_completed
A9: Task validation failed | B9: System Event | C9: Decided by system rules | D9: task_failed
A10: Reward credited | B10: System Event | C10: Wallet balance changed by system | D10: reward_credited
A11: Reward pending | B11: System Event | C11: Held before crediting | D11: reward_pending
A12: Reward reversed | B12: System Event | C12: Credit undone by system or operations | D12: reward_reversed
... A22: Task completion rate | B22: Business Outcome | C22: Derived: completed / started | D22: (KPI)

Sheet A4_Data_Coverage_Matrix
A1: Product Area | B1: User Action | C1: System Action | D1: Business Outcome | E1: Data Required | F1: Proposed Event | G1: Source | H1: Business Question | I1: Status | J1: Priority
A2: Account | B2: Signs up | C2: Creates account, issues user_id | D2: New user | E2: user_id, registered_at, registration_source, platform | F2: user_registered | G2: Backend | H2: Volume and source of new users? | I2: To Be Verified | J2: Critical
A3: Account | B3: Logs in | C3: Starts session | D3: Returning activity | E3: user_id, login_at, platform, session_id | F3: user_logged_in | G3: Backend | H3: How often do users return? | I3: Proposed | J3: High
A4: Account | B4: Logs out | C4: Ends session | D4: - | E4: user_id, logout_at | F4: user_logged_out | G4: Frontend | H4: Needed only where session length matters | I4: Proposed | J4: Low
A5: Account | B5: Starts onboarding | C5: Records step | D5: Funnel entry | E5: user_id, onboarding_step, started_at | F5: onboarding_started | G5: Frontend | H5: Where do new users enter the funnel? | I5: Proposed | J5: High
A6: Account | B6: Completes onboarding | C6: Marks complete | D6: Activation proxy | E6: user_id, completed_at | F6: onboarding_completed | G6: Backend | H6: What share finishes onboarding? | I6: Proposed | J6: High
A7: Tasks | B7: Views a task | C7: - | D7: Discovery | E7: user_id, task_id, task_type, feature | F7: task_viewed | G7: Frontend | H7: What do users see vs start? | I7: Proposed | J7: Medium
A8: Tasks | B8: Opens a task | C8: - | D8: Intent | E8: user_id, task_id, task_type | F8: task_opened | G8: Frontend | H8: Which tasks attract attention? | I8: Proposed | J8: Medium
A9: Tasks | B9: Starts a task | C9: Creates task activity record | D9: Task start | E9: user_id, task_id, task_type, started_at, task_activity_id | F9: task_started | G9: Backend | H9: How many tasks begin? | I9: Proposed | J9: Critical
A10: Tasks | B10: Completes a task | C10: Validates completion | D10: Task completed | E10: user_id, task_id, completed_at, status, reward_amount, reward_unit | F10: task_completed | G10: Backend | H10: Completion rate per task type? | I10: Proposed | J10: Critical
A11: Tasks | B11: Abandons or fails | C11: Records failure class | D11: Task failed | E11: user_id, task_id, failure_category | F11: task_failed | G11: Backend | H11: Why do tasks not finish? | I11: Proposed | J11: High
A12: Rewards | B12: - | C12: Credits reward to wallet | D12: Reward credited | E12: reward_id, user_id, amount, unit, source_feature, wallet_transaction_id | F12: reward_credited | G12: Backend | H12: How much is credited, by feature? | I12: Proposed | J12: Critical
... A43: Withdrawals | B43: Cancels request before processing | C43: Cancels withdrawal | D43: Cancelled | E43: withdrawal_id, reason_category | F43: withdrawal_cancelled | G43: Backend | H43: How many requests are cancelled by users? | I43: To Be Verified | J43: Low

Sheet Analytics_Gaps
A1: Gap ID | B1: Analytics Gap | C1: Area | D1: Why It Could Affect Production Reporting | E1: Priority | F1: Priority Reason | G1: Linked Assumption
A2: G01 | B2: No confirmed stable user identifier | C2: Account | D2: Cross-event, retention and cohort analysis break if user_id changes or is duplicated across devices | E2: Critical | F2: Without a stable user_id, one person can appear as several users | G2: A003
A3: G02 | B3: No confirmed unique transaction ID on wallet entries | C3: Wallet | D3: Duplicate credits cannot be detected or reconciled | E3: Critical | F3: Without a stable transaction ID, reliable wallet deduplication cannot be guaranteed | G3: A005
A4: G03 | B4: Unknown whether task completion events are emitted | C4: Tasks | D4: Task KPIs cannot be computed from production data | E4: Critical | F4: All earning analytics depend on completion events | G4: A001
A5: G04 | B5: Reward unit definitions are undefined (VE, XP, Gems, Tokens, Spins) | C5: Currency | D5: Amounts in different units cannot be summed or compared | E5: Critical | F5: Wrong totals would mislead management | G5: A002
A6: G05 | B6: Activity vs credited reward not clearly separated | C6: Rewards | D6: Reward KPIs may count activity as paid rewards | E6: Critical | F6: Overstated reward figures | G6: A013
A7: G06 | B7: Withdrawal state history may not be stored | C7: Withdrawals | D7: Processing time and rejection analysis need timestamps for every state | E7: High | F7: Without state history, only the latest status is visible | G7: A006, A007
A8: G07 | B8: No agreed definition of an activated or converted referral | C8: Referrals | D8: Registration could be reported as conversion | E8: High | F8: Inflated referral success | G8: A010
A9: G08 | B9: Session identifier not confirmed | C9: Account | D9: Session-level analysis not possible; DAU still possible via events | E9: Medium | F9: Useful but not blocking for core KPIs | G9: A004
A10: G09 | B10: Failure reasons for tasks and withdrawals not classified | C10: Tasks / Withdrawals | D10: Cannot explain drop-offs or rejections | E10: High | F10: Needed to act on problems, not just count them | G10: A001, A007
A11: G10 | B11: Third-party provider data (ads, surveys, offers) may be partial or delayed | C11: Third parties | D11: Completions may be missing or late, understating activity | E11: High | F11: External systems are outside VELOOP control | G11: A009
A12: G11 | B12: Timestamp format and timezone not confirmed | C12: All | D12: Daily metrics may shift across day boundaries | E12: High | F12: Wrong day bucket changes DAU and streaks | G12: A012
... A16: G15 | B16: Support / Help Center data may not exist | C16: Support | D16: Support KPIs may not be reportable | E16: Low | F16: Not needed for first release | G16: A015

Sheet Coverage_Summary
A1: Product Area | B1: Events | C1: Critical | D1: High | E1: To Be Verified
A2: Account | B2: =COUNTIF(A4_Data_Coverage_Matrix!A:A,A2) -> 6 | C2: =COUNTIFS(A4_Data_Coverage_Matrix!A:A,A2,A4_Data_Coverage_Matrix!J:J,"Critical") -> 1 | D2: =COUNTIFS(A4_Data_Coverage_Matrix!A:A,A2,A4_Data_Coverage_Matrix!J:J,"High") -> 4 | E2: =COUNTIFS(A4_Data_Coverage_Matrix!A:A,A2,A4_Data_Coverage_Matrix!I:I,"To Be Verified") -> 2
A3: Tasks | B3: =COUNTIF(A4_Data_Coverage_Matrix!A:A,A3) -> 5 | C3: =COUNTIFS(A4_Data_Coverage_Matrix!A:A,A3,A4_Data_Coverage_Matrix!J:J,"Critical") -> 2 | D3: =COUNTIFS(A4_Data_Coverage_Matrix!A:A,A3,A4_Data_Coverage_Matrix!J:J,"High") -> 1 | E3: =COUNTIFS(A4_Data_Coverage_Matrix!A:A,A3,A4_Data_Coverage_Matrix!I:I,"To Be Verified") -> 0
A4: Rewards | B4: =COUNTIF(A4_Data_Coverage_Matrix!A:A,A4) -> 5 | C4: =COUNTIFS(A4_Data_Coverage_Matrix!A:A,A4,A4_Data_Coverage_Matrix!J:J,"Critical") -> 2 | D4: =COUNTIFS(A4_Data_Coverage_Matrix!A:A,A4,A4_Data_Coverage_Matrix!J:J,"High") -> 1 | E4: =COUNTIFS(A4_Data_Coverage_Matrix!A:A,A4,A4_Data_Coverage_Matrix!I:I,"To Be Verified") -> 1
A5: Daily Rewards | B5: =COUNTIF(A4_Data_Coverage_Matrix!A:A,A5) -> 1 | C5: =COUNTIFS(A4_Data_Coverage_Matrix!A:A,A5,A4_Data_Coverage_Matrix!J:J,"Critical") -> 0 | D5: =COUNTIFS(A4_Data_Coverage_Matrix!A:A,A5,A4_Data_Coverage_Matrix!J:J,"High") -> 1 | E5: =COUNTIFS(A4_Data_Coverage_Matrix!A:A,A5,A4_Data_Coverage_Matrix!I:I,"To Be Verified") -> 0
A6: Streaks | B6: =COUNTIF(A4_Data_Coverage_Matrix!A:A,A6) -> 1 | C6: =COUNTIFS(A4_Data_Coverage_Matrix!A:A,A6,A4_Data_Coverage_Matrix!J:J,"Critical") -> 0 | D6: =COUNTIFS(A4_Data_Coverage_Matrix!A:A,A6,A4_Data_Coverage_Matrix!J:J,"High") -> 0 | E6: =COUNTIFS(A4_Data_Coverage_Matrix!A:A,A6,A4_Data_Coverage_Matrix!I:I,"To Be Verified") -> 0
A7: Spin | B7: =COUNTIF(A4_Data_Coverage_Matrix!A:A,A7) -> 2 | C7: =COUNTIFS(A4_Data_Coverage_Matrix!A:A,A7,A4_Data_Coverage_Matrix!J:J,"Critical") -> 0 | D7: =COUNTIFS(A4_Data_Coverage_Matrix!A:A,A7,A4_Data_Coverage_Matrix!J:J,"High") -> 0 | E7: =COUNTIFS(A4_Data_Coverage_Matrix!A:A,A7,A4_Data_Coverage_Matrix!I:I,"To Be Verified") -> 0
A8: Missions | B8: =COUNTIF(A4_Data_Coverage_Matrix!A:A,A8) -> 2 | C8: =COUNTIFS(A4_Data_Coverage_Matrix!A:A,A8,A4_Data_Coverage_Matrix!J:J,"Critical") -> 0 | D8: =COUNTIFS(A4_Data_Coverage_Matrix!A:A,A8,A4_Data_Coverage_Matrix!J:J,"High") -> 0 | E8: =COUNTIFS(A4_Data_Coverage_Matrix!A:A,A8,A4_Data_Coverage_Matrix!I:I,"To Be Verified") -> 0
A9: Badges / Levels | B9: =COUNTIF(A4_Data_Coverage_Matrix!A:A,A9) -> 1 | C9: =COUNTIFS(A4_Data_Coverage_Matrix!A:A,A9,A4_Data_Coverage_Matrix!J:J,"Critical") -> 0 | D9: =COUNTIFS(A4_Data_Coverage_Matrix!A:A,A9,A4_Data_Coverage_Matrix!J:J,"High") -> 0 | E9: =COUNTIFS(A4_Data_Coverage_Matrix!A:A,A9,A4_Data_Coverage_Matrix!I:I,"To Be Verified") -> 0
A10: Referrals | B10: =COUNTIF(A4_Data_Coverage_Matrix!A:A,A10) -> 4 | C10: =COUNTIFS(A4_Data_Coverage_Matrix!A:A,A10,A4_Data_Coverage_Matrix!J:J,"Critical") -> 0 | D10: =COUNTIFS(A4_Data_Coverage_Matrix!A:A,A10,A4_Data_Coverage_Matrix!J:J,"High") -> 4 | E10: =COUNTIFS(A4_Data_Coverage_Matrix!A:A,A10,A4_Data_Coverage_Matrix!I:I,"To Be Verified") -> 1
A11: Wallet | B11: =COUNTIF(A4_Data_Coverage_Matrix!A:A,A11) -> 4 | C11: =COUNTIFS(A4_Data_Coverage_Matrix!A:A,A11,A4_Data_Coverage_Matrix!J:J,"Critical") -> 2 | D11: =COUNTIFS(A4_Data_Coverage_Matrix!A:A,A11,A4_Data_Coverage_Matrix!J:J,"High") -> 1 | E11: =COUNTIFS(A4_Data_Coverage_Matrix!A:A,A11,A4_Data_Coverage_Matrix!I:I,"To Be Verified") -> 4
A12: Withdrawals | B12: =COUNTIF(A4_Data_Coverage_Matrix!A:A,A12) -> 6 | C12: =COUNTIFS(A4_Data_Coverage_Matrix!A:A,A12,A4_Data_Coverage_Matrix!J:J,"Critical") -> 2 | D12: =COUNTIFS(A4_Data_Coverage_Matrix!A:A,A12,A4_Data_Coverage_Matrix!J:J,"High") -> 3 | E12: =COUNTIFS(A4_Data_Coverage_Matrix!A:A,A12,A4_Data_Coverage_Matrix!I:I,"To Be Verified") -> 6
A13: Support | B13: =COUNTIF(A4_Data_Coverage_Matrix!A:A,A13) -> 1 | C13: =COUNTIFS(A4_Data_Coverage_Matrix!A:A,A13,A4_Data_Coverage_Matrix!J:J,"Critical") -> 0 | D13: =COUNTIFS(A4_Data_Coverage_Matrix!A:A,A13,A4_Data_Coverage_Matrix!J:J,"High") -> 0 | E13: =COUNTIFS(A4_Data_Coverage_Matrix!A:A,A13,A4_Data_Coverage_Matrix!I:I,"To Be Verified") -> 1
... A16: Feature usage | B16: =COUNTIF(A4_Data_Coverage_Matrix!A:A,A16) -> 1 | C16: =COUNTIFS(A4_Data_Coverage_Matrix!A:A,A16,A4_Data_Coverage_Matrix!J:J,"Critical") -> 0 | D16: =COUNTIFS(A4_Data_Coverage_Matrix!A:A,A16,A4_Data_Coverage_Matrix!J:J,"High") -> 0 | E16: =COUNTIFS(A4_Data_Coverage_Matrix!A:A,A16,A4_Data_Coverage_Matrix!I:I,"To Be Verified") -> 1
