Workbook

Sheet README
A1: VELOOP REWARDS - Task 01 | Work Package P: Data Access, Privacy and Governance
A2: Everything here is Proposed or To Be Verified. This work does not describe, test or reverse-engineer VELOOP's actual security controls, and it contains no credentials. Legal points are outlines that need Legal review. No simulated or real VELOOP statistics are included.
A4: Privacy principles:
A5: - Data minimisation: collect only what a defined KPI, event or check needs. The dictionary has no personal-data fields.
A6: - Purpose limitation: each field lists its analytical use; data is not reused for unrelated purposes without approval.
A7: - Pseudonymous identifiers: analysis uses user_id, never names or contact details.
A8: - Least privilege: each role gets the lowest access that lets it do its work, for as long as it needs it.
A9: - Aggregate by default: wider audiences see aggregated reporting; row-level access is the exception.
A10: - Small-group protection: segments too small to hide an individual are suppressed in reports (the size threshold is to be agreed, not invented here).
A11: - Separation: simulated data, test data and production data stay apart.
A12: - Accountability: every dataset has an owner, every access grant is logged, and every definition change is recorded.
A14: Basic security practices (proposed):
... A31: Live counts
A32: Roles | B32: =COUNTA(Roles!A:A)-1 -> 6
A33: Zones in access matrix | B33: =COUNTA(Access_Matrix!A:A)-1 -> 10
A34: Fields classified | B34: =COUNTA(Field_Sensitivity!A:A)-1 -> 128
A35: Restricted fields | B35: =COUNTIF(Field_Sensitivity!C:C,"Restricted") -> 6
A36: Entities with an owner | B36: =COUNTA(Governance_Owners!A:A)-1 -> 10

Sheet Roles
A1: Role | B1: What the Role Does With Data | C1: Typical Access | D1: Limits
A2: Engineering | B2: Implements events, collection, storage and the pipeline | C2: Technical implementation access to collection, raw zone, reference data and pipeline health | D2: Sees Restricted fields only where needed to build or debug; no routine exports
A3: Data Analyst | B3: Builds and maintains the analytics layer, quality rules and dashboards | C3: Approved analytical datasets: raw (read), clean, analytics and reporting; quarantine triage | D3: Restricted fields limited to named analysts working on wallet and withdrawals
A4: Product / Operations | B4: Uses reporting to make product and operational decisions | C4: Aggregated business reporting and dashboards | D4: No row-level data; small-group suppression applies
A5: Finance / Management (added) | B5: Reviews rewards, wallet and withdrawal totals and trends | C5: Aggregated reporting including aggregated amounts | D5: No row-level data; amounts only per unit
A6: Content Team | B6: Plans help, task and mission content | C6: Aggregated content performance data where required | D6: No user-level data
A7: Intern | B7: Works on analysis, specifications and test datasets | C7: Only approved or sanitised datasets, including simulated data | D7: No production row-level data, no Restricted fields, no credentials

Sheet Access_Matrix
A1: Zone | B1: Engineering | C1: Data Analyst | D1: Product / Operations | E1: Finance / Management | F1: Content Team | G1: Intern
A2: Operational database | B2: - | C2: Not managed here (extract only) | D2: - | E2: - | F2: - | G2: -
A3: Raw zone | B3: Full | C3: Read | D3: - | E3: - | F3: - | G3: -
A4: Quarantine | B4: Full | C4: Read and resolve | D4: - | E4: - | F4: - | G4: -
A5: Clean zone | B5: Read | C5: Read | D5: - | E5: - | F5: - | G5: -
A6: Analytics layer | B6: Read | C6: Full (build) | D6: Aggregated | E6: Aggregated | F6: Aggregated (content metrics) | G6: Approved datasets
A7: Reporting / dashboards | B7: Read | C7: Full (build) | D7: Aggregated | E7: Aggregated | F7: Aggregated (content metrics) | G7: Approved datasets
A8: Simulated zone | B8: Read | C8: Full | D8: Aggregated | E8: - | F8: - | G8: Approved datasets
A9: Reference data (lists, catalogue, dictionary) | B9: Write | C9: Write | D9: Approve | E9: Read | F9: Read | G9: Read
A10: Pipeline health view | B10: Full | C10: Full | D10: Read | E10: Read | F10: - | G10: -
A11: Documentation and specifications | B11: Read | C11: Read | D11: Read | E11: Read | F11: Read | G11: Read

Sheet Role_vs_Sensitivity
A1: Role | B1: Public | C1: Internal | D1: Restricted
A2: Engineering | B2: Read | C2: Read | D2: Only where needed to implement or debug; no routine export
A3: Data Analyst | B3: Read | C3: Read | D3: Named analysts only, for wallet and withdrawal work
A4: Product / Operations | B4: Read | C4: Aggregated | D4: Aggregated only
A5: Finance / Management | B5: Read | C5: Aggregated | D5: Aggregated amounts per unit only
A6: Content Team | B6: Read | C6: Aggregated content metrics only | D6: No access
A7: Intern | B7: Read | C7: Sanitised or simulated only | D7: No access

Sheet Do_Not_Expose
A1: Information | B1: Why It Must Not Be Exposed | C1: Where It May Legitimately Exist | D1: Rule for Analytics and Documents | E1: If Found
A2: Passwords | B2: Gives account access | C2: The authentication system only | D2: Never collected, stored, logged or written into any document or dataset | E2: Do not copy or share; tell Engineering; remove through quarantine
A3: Authentication secrets (tokens, session secrets) | B3: Allow impersonation | C3: The authentication system only | D3: Never in events, payloads or datasets | E3: Same; Engineering rotates the secret
A4: API keys | B4: Allow use of VELOOP or partner systems | C4: A secrets store managed by Engineering | D4: Never in code samples, specs, spreadsheets or datasets | E4: Same; Engineering revokes and reissues the key
A5: Payment credentials | B5: Financial harm | C5: The payment or payout provider | D5: Never collected; only a provider reference id may appear | E5: Same; report immediately
A6: Private credentials (database logins, service accounts) | B6: Allow access to data and systems | C6: A secrets store managed by Engineering | D6: Never shared by message or stored in analyst tools | E6: Same; Engineering rotates
A7: Sensitive security controls (fraud thresholds, detection rules, bypass details) | B7: Would help someone avoid controls | C7: Security and Operations only | D7: This work does not invent, reverse-engineer or document them; reason categories only | E7: Do not use or share; tell the owner
A8: Personal identifiers (name, email, phone, date of birth, identity documents) | B8: Identify a person | C8: Where the product legitimately needs them, not in analytics | D8: Excluded from the data dictionary and events (Work Package B) | E8: Quarantine and report
A9: Precise location and raw IP address | B9: Locate a person | C9: Product or security logs, if any | D9: Country code only; raw IP not carried into analytics | E9: Quarantine and report
A10: Payout account details | B10: Financial harm and identification | C10: The payout provider | D10: Only provider reference ids; Restricted | E10: Quarantine and report
A11: Free-text support messages and reviewer notes | B11: May contain personal data | C11: The support system | D11: Category fields only | E11: Strip free text before use

Sheet Governance_Owners
A1: Entity | B1: Data Owner (accountable for meaning and access approval) | C1: Data Steward (day-to-day quality) | D1: Sensitivity Focus | E1: Status
A2: Users | B2: Product | C2: Engineering | D2: Internal | E2: Proposed
A3: Account_Status_History | B3: Operations | C3: Engineering | D3: Internal | E3: Proposed
A4: Tasks | B4: Product | C4: Content Team | D4: Public / Internal | E4: Proposed
A5: Task_Activity | B5: Product | C5: Data Analyst | D5: Internal | E5: Proposed
A6: Rewards | B6: Finance | C6: Data Analyst | D6: Internal | E6: Proposed
A7: Wallet_Transactions | B7: Finance | C7: Engineering | D7: Restricted amounts | E7: Proposed
A8: Withdrawals | B8: Operations | C8: Data Analyst | D8: Restricted amounts and methods | E8: Proposed
A9: Referrals | B9: Product | C9: Data Analyst | D9: Internal | E9: Proposed
A10: Feature_Events | B10: Engineering | C10: Data Analyst | D10: Internal | E10: Proposed
A11: Support_Tickets | B11: Operations | C11: Data Analyst | D11: Internal | E11: To Be Verified

Sheet Access_Workflow
A1: Step | B1: Action | C1: Who | D1: Notes
A2: 1 | B2: Request: who needs what data, for what purpose, for how long | C2: Requester | D2: Written; names the dataset, not just 'access'
A3: 2 | B3: Check need and sensitivity against the access matrix | C3: Data Analyst | D3: Reject if the need can be met with aggregated data
A4: 3 | B4: Approve | C4: Data owner; Restricted data also needs the Product lead | D4: Approval recorded
A5: 4 | B5: Grant least privilege, time-boxed | C5: Engineering | D5: Separate named credentials; no shared accounts
A6: 5 | B6: Log the grant and the dataset provided | C6: Data Analyst | D6: Access log kept
A7: 6 | B7: Review access periodically (cadence to be agreed) | C7: Data owner | D7: Remove unused access
A8: 7 | B8: Revoke on role change, project end or internship end | C8: Engineering | D8: Includes returning copies of exports

Sheet Intern_Dataset_Checklist
A1: # | B1: Check Before a Dataset Goes to an Intern | C1: Done by
A2: 1 | B2: The dataset is simulated or sanitised, and says so in its label and generation notes | C2: Data Analyst
A3: 2 | B3: No personal information (names, contacts, date of birth, location, raw IP) | C3: Data Analyst
A4: 3 | B4: IDs are pseudonymous and any mapping key stays with Engineering | C4: Engineering
A5: 4 | B5: Restricted fields (amounts, methods, payout references) are removed or aggregated unless specifically approved | C5: Data Analyst
A6: 5 | B6: A scan finds no passwords, keys, tokens or credentials | C6: Engineering
A7: 6 | B7: No segment is small enough to identify an individual (threshold to be agreed) | C7: Data Analyst
A8: 7 | B8: Access is time-boxed and logged, and ends with the assignment | C8: Data Analyst
A9: 8 | B9: Outputs are reviewed before leaving the team, so no production row-level data is included | C9: Data Analyst

Sheet Retention_and_Rights
A1: Topic | B1: Proposed Approach (outline) | C1: Needs | D1: Status
A2: Retention of raw data | B2: Define a retention period per zone; delete or anonymise after it | C2: Legal and Product input; applicable rules depend on user geography (A016) | D2: To Be Verified
A3: User closure or deletion requests | B3: Use user_id to find a user's records; because the raw zone is append-only, handle requests by anonymising records through a controlled process rather than editing history | C3: Legal advice and an engineering design | D3: To Be Verified
A4: User access requests | B4: Provide a user's own data through a defined process using user_id | C4: Legal and Product input | D4: To Be Verified
A5: Notice and consent | B5: Make sure what is collected matches what users are told | C5: Legal and Product review of events and fields | D5: To Be Verified
A6: Cross-border storage and access | B6: Record where data is stored and who can access it from where | C6: Hosting decision (A011) and Legal | D6: To Be Verified
A7: Incident response | B7: If personal data or a secret is found where it should not be, stop, contain, notify the owner and record it | C7: Security and Legal procedure | D7: To Be Verified

Sheet Field_Sensitivity
A1: Entity | B1: Field | C1: Sensitivity
A2: Users | B2: user_id | C2: Internal
A3: Users | B3: registered_at | C3: Internal
A4: Users | B4: registration_source | C4: Internal
A5: Users | B5: registration_method | C5: Internal
A6: Users | B6: platform | C6: Internal
A7: Users | B7: app_version | C7: Internal
A8: Users | B8: country_code | C8: Internal
A9: Users | B9: language_code | C9: Internal
A10: Users | B10: referral_code_used | C10: Internal
A11: Users | B11: campaign_id | C11: Internal
A12: Users | B12: onboarding_status | C12: Internal
... A129: Support_Tickets | B129: ticket_status | C129: Internal

Sheet Sensitivity_Summary
A1: Entity | B1: Public | C1: Internal | D1: Restricted
A2: Users | B2: =COUNTIFS(Field_Sensitivity!A:A,A2,Field_Sensitivity!C:C,"Public") -> 0 | C2: =COUNTIFS(Field_Sensitivity!A:A,A2,Field_Sensitivity!C:C,"Internal") -> 21 | D2: =COUNTIFS(Field_Sensitivity!A:A,A2,Field_Sensitivity!C:C,"Restricted") -> 0
A3: Account_Status_History | B3: =COUNTIFS(Field_Sensitivity!A:A,A3,Field_Sensitivity!C:C,"Public") -> 0 | C3: =COUNTIFS(Field_Sensitivity!A:A,A3,Field_Sensitivity!C:C,"Internal") -> 7 | D3: =COUNTIFS(Field_Sensitivity!A:A,A3,Field_Sensitivity!C:C,"Restricted") -> 0
A4: Tasks | B4: =COUNTIFS(Field_Sensitivity!A:A,A4,Field_Sensitivity!C:C,"Public") -> 3 | C4: =COUNTIFS(Field_Sensitivity!A:A,A4,Field_Sensitivity!C:C,"Internal") -> 5 | D4: =COUNTIFS(Field_Sensitivity!A:A,A4,Field_Sensitivity!C:C,"Restricted") -> 0
A5: Task_Activity | B5: =COUNTIFS(Field_Sensitivity!A:A,A5,Field_Sensitivity!C:C,"Public") -> 0 | C5: =COUNTIFS(Field_Sensitivity!A:A,A5,Field_Sensitivity!C:C,"Internal") -> 17 | D5: =COUNTIFS(Field_Sensitivity!A:A,A5,Field_Sensitivity!C:C,"Restricted") -> 0
A6: Rewards | B6: =COUNTIFS(Field_Sensitivity!A:A,A6,Field_Sensitivity!C:C,"Public") -> 0 | C6: =COUNTIFS(Field_Sensitivity!A:A,A6,Field_Sensitivity!C:C,"Internal") -> 14 | D6: =COUNTIFS(Field_Sensitivity!A:A,A6,Field_Sensitivity!C:C,"Restricted") -> 0
A7: Wallet_Transactions | B7: =COUNTIFS(Field_Sensitivity!A:A,A7,Field_Sensitivity!C:C,"Public") -> 0 | C7: =COUNTIFS(Field_Sensitivity!A:A,A7,Field_Sensitivity!C:C,"Internal") -> 13 | D7: =COUNTIFS(Field_Sensitivity!A:A,A7,Field_Sensitivity!C:C,"Restricted") -> 2
A8: Withdrawals | B8: =COUNTIFS(Field_Sensitivity!A:A,A8,Field_Sensitivity!C:C,"Public") -> 0 | C8: =COUNTIFS(Field_Sensitivity!A:A,A8,Field_Sensitivity!C:C,"Internal") -> 11 | D8: =COUNTIFS(Field_Sensitivity!A:A,A8,Field_Sensitivity!C:C,"Restricted") -> 4
A9: Referrals | B9: =COUNTIFS(Field_Sensitivity!A:A,A9,Field_Sensitivity!C:C,"Public") -> 0 | C9: =COUNTIFS(Field_Sensitivity!A:A,A9,Field_Sensitivity!C:C,"Internal") -> 13 | D9: =COUNTIFS(Field_Sensitivity!A:A,A9,Field_Sensitivity!C:C,"Restricted") -> 0
A10: Feature_Events | B10: =COUNTIFS(Field_Sensitivity!A:A,A10,Field_Sensitivity!C:C,"Public") -> 0 | C10: =COUNTIFS(Field_Sensitivity!A:A,A10,Field_Sensitivity!C:C,"Internal") -> 12 | D10: =COUNTIFS(Field_Sensitivity!A:A,A10,Field_Sensitivity!C:C,"Restricted") -> 0
A11: Support_Tickets | B11: =COUNTIFS(Field_Sensitivity!A:A,A11,Field_Sensitivity!C:C,"Public") -> 0 | C11: =COUNTIFS(Field_Sensitivity!A:A,A11,Field_Sensitivity!C:C,"Internal") -> 6 | D11: =COUNTIFS(Field_Sensitivity!A:A,A11,Field_Sensitivity!C:C,"Restricted") -> 0
