Workbook

Sheet README
A1: VELOOP REWARDS - Task 01 | Assumption and Verification Register (Work Package S)
A2: Whenever something is not known, it is recorded here instead of guessed. Statuses: To Be Verified (unknown), Proposed (a proposal awaits a decision), Confirmed (verified with evidence). Only items verified by evidence are Confirmed (A017 and A043, from the supplied file); nothing about VELOOP's product is Confirmed yet.
A3: This register supersedes the Assumption_Register sheet in the Source and Verification Register (file 01); A001 to A018 keep their IDs. New unknowns A019 to A050 came from later work packages and the dataset work.
A4: 'Referenced In' lists the documents that cite each ID. 'Related Gaps' links to the analytics gaps (G##) and readiness gaps (RG-##).
A5: To close an item: fill Resolution and Date Closed, change Status to Confirmed, and record any definition change in the change log (Work Package Q).
A7: Live counts
A8: Assumptions registered | B8: =COUNTA(Assumption_Register!A:A)-1 -> 50
A9: Critical risk | B9: =COUNTIF(Assumption_Register!E:E,"Critical") -> 5
A10: Confirmed | B10: =COUNTIF(Assumption_Register!G:G,"Confirmed") -> 2
A11: To Be Verified | B11: =COUNTIF(Assumption_Register!G:G,"To Be Verified") -> 45
A12: Proposed (awaiting decision) | B12: =COUNTIF(Assumption_Register!G:G,"Proposed") -> 3
A13: Sources recorded | B13: =COUNTA(Sources_Update!A:A)-1 -> 11

Sheet Assumption_Register
A1: ID | B1: Unknown | C1: Why It Matters | D1: Source Checked | E1: Risk | F1: Verification Owner | G1: Status | H1: Raised In | I1: Needed By | J1: Related Gaps | K1: Evidence Needed to Close | L1: Referenced In | M1: Resolution | N1: Date Closed
A2: A001 | B2: Does the backend currently emit task completion events? | C2: Required for all task analytics | D2: Task brief | E2: High | F2: Engineering | G2: To Be Verified | H2: Step 1 (source register) | I2: Pre-launch | J2: G03, G09, RG-01 | K2: Engineering confirms with a code reference, schema or sample record | L2: Developer Handoff, Earning and Reward, Event Tracking Plan, Implementation Backlog, Logical Data Model, Product Data Audit, Readiness Assessment
A3: A002 | B3: Which reward units actually exist today (VE, XP, Gems, Tokens, Spins) and do they convert into each other? | C3: Defines reward_unit values, wallet model and exchange analytics | D3: Task brief | E3: Critical | F3: Product / Engineering | G3: To Be Verified | H3: Step 1 (source register) | I3: Pre-launch | J3: G04, RG-07, RG-12 | K3: Engineering confirms with a code reference, schema or sample record; Written decision or confirmation from the data owner, recorded in the change log | L3: Developer Handoff, Earning and Reward, Event Tracking Plan, Implementation Backlog, KPI Catalogue, Product Data Audit, Quality Framework, Readiness Assessment, Referral and Engagement, Wallet and Withdrawal
A4: A003 | B4: Is a stable user_id issued at registration and kept across devices and login methods? | C4: Needed for any cross-event or retention analysis | D4: Task brief | E4: Critical | F4: Engineering | G4: To Be Verified | H4: Step 1 (source register) | I4: Pre-launch | J4: G01, RG-04 | K4: Engineering confirms with a code reference, schema or sample record | L4: Developer Handoff, Implementation Backlog, KPI Catalogue, Product Data Audit, Readiness Assessment, Referral and Engagement, User Analytics
A5: A004 | B5: Is a session identifier currently stored? | C5: Needed for session-level analysis; proposed only until confirmed | D5: Task brief | E5: Medium | F5: Engineering | G5: To Be Verified | H5: Step 1 (source register) | I5: Before the related dashboard | J5: G08 | K5: Engineering confirms with a code reference, schema or sample record | L5: Developer Handoff, Implementation Backlog, KPI Catalogue, Product Data Audit, User Analytics
A6: A005 | B6: Does every wallet transaction have a unique transaction ID, and is writing it idempotent? | C6: Without it, wallet deduplication cannot be guaranteed | D6: Task brief | E6: Critical | F6: Engineering | G6: To Be Verified | H6: Step 1 (source register) | I6: Pre-launch | J6: G02, RG-04, RG-19 | K6: Engineering confirms with a code reference, schema or sample record | L6: Developer Handoff, Event Tracking Plan, Implementation Backlog, KPI Catalogue, Logical Data Model, Product Data Audit, Readiness Assessment
A7: A006 | B7: Which withdrawal methods exist and which statuses does a withdrawal pass through? | C7: Defines withdrawal lifecycle, method distribution KPI | D7: Task brief | E7: High | F7: Product / Operations | G7: To Be Verified | H7: Step 1 (source register) | I7: Pre-launch | J7: G06, RG-05, RG-07 | K7: Written decision or confirmation from the data owner, recorded in the change log; Written confirmation from Operations or Finance | L7: Developer Handoff, Event Tracking Plan, Implementation Backlog, KPI Catalogue, Product Data Audit, Readiness Assessment, Wallet and Withdrawal
A8: A007 | B8: Are withdrawals reviewed manually, automatically, or both? | C8: Affects processing-time KPIs and reason categories | D8: Task brief | E8: High | F8: Operations | G8: To Be Verified | H8: Step 1 (source register) | I8: Pre-launch | J8: G06, G09, RG-05 | K8: Written confirmation from Operations or Finance | L8: Implementation Backlog, Product Data Audit, Readiness Assessment, Wallet and Withdrawal
A9: A008 | B9: Which earning features are live vs planned (Watch Ads, Tap & Earn, Mining, Spin, Missions, Daily Rewards)? | C9: Prevents designing events for features that do not exist | D9: Task brief | E9: High | F9: Product | G9: To Be Verified | H9: Step 1 (source register) | I9: Pre-launch | J9: G13 | K9: Written decision or confirmation from the data owner, recorded in the change log | L9: Implementation Backlog, Product Data Audit
A10: A009 | B10: Which third-party providers (ads, surveys, offers, games) are used and what callbacks/postbacks do they return? | C10: External systems affect data completeness and validation | D10: Task brief | E10: High | F10: Engineering | G10: To Be Verified | H10: Step 1 (source register) | I10: Pre-launch | J10: G10, RG-21 | K10: Engineering confirms with a code reference, schema or sample record | L10: Earning and Reward, Implementation Backlog, Product Data Audit, Readiness Assessment, Wallet and Withdrawal
A11: A010 | B11: What exactly counts as an 'activated' referred user? | C11: Needed to separate registration from referral conversion | D11: Task brief | E11: High | F11: Product | G11: To Be Verified | H11: Step 1 (source register) | I11: Pre-launch | J11: G07, RG-10, RG-18 | K11: Written decision or confirmation from the data owner, recorded in the change log | L11: Developer Handoff, Implementation Backlog, KPI Catalogue, Logical Data Model, Product Data Audit, Readiness Assessment, Referral and Engagement, User Analytics
A12: A011 | B12: Where is data stored today (production DB, analytics tool, none)? | C12: Drives pipeline design and raw-layer choice | D12: Task brief | E12: High | F12: Engineering | G12: To Be Verified | H12: Step 1 (source register) | I12: Pre-launch | J12: G14, RG-06, RG-20, RG-30 | K12: Engineering confirms with a code reference, schema or sample record | L12: Developer Handoff, Event Tracking Plan, Implementation Backlog, Pipeline, Privacy and Governance, Product Data Audit, Readiness Assessment
A13: A012 | B13: What timestamp format and timezone does the system use? | C13: Needed for daily/active-user KPIs and timestamp validation | D13: Task brief | E13: High | F13: Engineering | G13: To Be Verified | H13: Step 1 (source register) | I13: Pre-launch | J13: G11, RG-11, RG-22 | K13: Engineering confirms with a code reference, schema or sample record | L13: Dashboard Blueprint, Implementation Backlog, KPI Catalogue, Product Data Audit, Quality Framework, Readiness Assessment, Referral and Engagement, Simulated Data Profiling, User Analytics
... A17: A016 | B17: Which user geographies and privacy rules apply (consent, retention)? | C17: Governance and privacy proposal depends on it | D17: Task brief | E17: Medium | F17: Legal / Product | G17: To Be Verified | H17: Step 1 (source register) | I17: Before the related dashboard | J17: RG-25 | K17: Written Legal guidance; Written decision or confirmation from the data owner, recorded in the change log | L17: Implementation Backlog, Privacy and Governance, Readiness Assessment
A18: A017 | B18: What are the real sheet names, columns and row counts of the simulated dataset in the Drive folder? | C18: Profiling and KPI tests depend on actual structure | D18: Task brief | E18: Medium | F18: Data Analyst (me) | G18: Confirmed | H18: Step 1 (source register) | I18: Before the related dashboard | J18: - | K18: Checked against the dataset and documented | L18: Implementation Backlog, Readiness Assessment | M18: The dataset file was received and inspected: sheets Users_1000_Clean, Users_Messy_Audit, Data_Dictionary, Synthetic_Summary and README_Data_Status; 1,000 and 1,008 user rows; 25 documented fields (27 columns present). See Deliverable 12. | N18: (enter on approval)
A19: A018 | B19: Where is the official VELOOP product documentation? | C19: All 'Confirmed' product facts need an official source | D19: Web search (no official result) | E19: High | F19: Mentor / Product team | G19: To Be Verified | H19: Step 1 (source register) | I19: Pre-launch | J19: RG-27 | K19: Written decision or confirmation from the data owner, recorded in the change log; Dataset or documentation supplied and opened | L19: Implementation Backlog, Product Data Audit, Readiness Assessment
A20: A019 | B20: Which account statuses and onboarding steps exist in the product? | C20: Defines account_status values, lifecycle stages and the onboarding funnel | D20: Work Package B | E20: High | F20: Product / Engineering | G20: To Be Verified | H20: Work Package B | I20: Pre-launch | J20: - | K20: Engineering confirms with a code reference, schema or sample record; Written decision or confirmation from the data owner, recorded in the change log | L20: Data Quality Audit, Developer Handoff, Implementation Backlog, KPI Catalogue, Simulated Data Profiling, User Analytics
A21: A020 | B21: Does a pending reward state exist, and does a pending reward have its own record? | C21: Pending Rewards KPI and the reward_pending event depend on it | D21: Work Package C | E21: Medium | F21: Engineering | G21: To Be Verified | H21: Work Package C | I21: Pre-launch | J21: RG-23 | K21: Engineering confirms with a code reference, schema or sample record | L21: Earning and Reward, Implementation Backlog, KPI Catalogue, Logical Data Model, Readiness Assessment
A22: A021 | B22: Which events exist today, and which component emits each? | C22: Decides what is reused and what must be built | D22: Work Package F | E22: High | F22: Engineering | G22: To Be Verified | H22: Work Package F | I22: Pre-launch | J22: RG-01, RG-02, RG-16, RG-29 | K22: Engineering confirms with a code reference, schema or sample record | L22: Implementation Backlog, Readiness Assessment
A23: A022 | B23: Which approved lists (statuses, units, methods, categories) will be used, and where do they live? | C23: Validation rules DQ009 and DQ014 need one source of approved values | D23: Work Package G | E23: High | F23: Product / Engineering | G23: To Be Verified | H23: Work Package G | I23: Pre-launch | J23: RG-07, RG-08 | K23: Engineering confirms with a code reference, schema or sample record; Written decision or confirmation from the data owner, recorded in the change log | L23: Data Quality Audit, Implementation Backlog, Readiness Assessment, Simulated Data Profiling
A24: A023 | B24: Which idempotency and retry design will events and wallet writes use? | C24: Prevents duplicate events and duplicate wallet entries | D24: Work Package N | E24: Critical | F24: Engineering | G24: To Be Verified | H24: Work Package N | I24: Pre-launch | J24: RG-19 | K24: Engineering confirms with a code reference, schema or sample record | L24: Implementation Backlog, Readiness Assessment
A25: A024 | B25: Which events qualify a user as 'active', and what is the activity window? | C25: DAU, WAU, MAU, returning and inactive users depend on it | D25: Work Package E | E25: High | F25: Product | G25: Proposed | H25: Work Package E | I25: Stakeholder decision | J25: RG-09 | K25: Written decision or confirmation from the data owner, recorded in the change log | L25: Implementation Backlog, Readiness Assessment, Simulated Data Profiling
A26: A025 | B26: Can a user have only one referrer, and can referrals be closed or disqualified by category? | C26: Referral integrity rules and the closed status | D26: Work Package E | E26: Medium | F26: Product | G26: To Be Verified | H26: Work Package E | I26: Pre-launch | J26: - | K26: Written decision or confirmation from the data owner, recorded in the change log | L26: Implementation Backlog
A27: A026 | B27: Is the withdrawal amount held at request time or debited on completion? | C27: Changes balance and pending-queue logic | D27: Work Package D | E27: High | F27: Product / Engineering | G27: To Be Verified | H27: Work Package D | I27: Pre-launch | J27: - | K27: Engineering confirms with a code reference, schema or sample record; Written decision or confirmation from the data owner, recorded in the change log | L27: Implementation Backlog
A28: A027 | B28: Are there withdrawal fees, limits or minimum amounts? | C28: completed_amount versus requested_amount validation | D28: Work Package D | E28: Medium | F28: Operations / Finance | G28: To Be Verified | H28: Work Package D | I28: Pre-launch | J28: - | K28: Written confirmation from Operations or Finance | L28: Implementation Backlog
A29: A028 | B29: Can a user cancel a withdrawal before processing? | C29: withdrawal_cancelled event and completion rate | D29: Work Package D | E29: Low | F29: Product | G29: To Be Verified | H29: Work Package D | I29: Post-launch | J29: - | K29: Written decision or confirmation from the data owner, recorded in the change log | L29: Implementation Backlog
A30: A029 | B30: Is the wallet an append-only ledger, or are balances edited in place? | C30: Decides whether balance reconciliation (DQ031) is possible | D30: Work Package D | E30: Critical | F30: Engineering | G30: To Be Verified | H30: Work Package D | I30: Pre-launch | J30: RG-18 | K30: Engineering confirms with a code reference, schema or sample record | L30: Implementation Backlog, Readiness Assessment
... A43: A042 | B43: What wait times define 'abandoned' and 'tracking_failed' for tasks? | C43: Failure categories and Provider Callback Reliability | D43: Work Package C | E43: Medium | F43: Product / Engineering | G43: To Be Verified | H43: Work Package C | I43: Pre-launch | J43: RG-21 | K43: Engineering confirms with a code reference, schema or sample record; Written decision or confirmation from the data owner, recorded in the change log | L43: Implementation Backlog, Readiness Assessment
A44: A043 | B44: When will the supplied dataset be available in an accessible form? | C44: Profiling, relationship tests, KPI tests and the Messy_Data audit all depend on it | D44: Work Package J | E44: High | F44: Mentor / Product team | G44: Confirmed | H44: Work Package J | I44: Before Work Packages J and K | J44: RG-29 | K44: Written decision or confirmation from the data owner, recorded in the change log; Dataset or documentation supplied and opened | L44: Implementation Backlog, Readiness Assessment | M44: The dataset was provided as an uploaded file. It covers the Users entity only; the remaining datasets are tracked as A046. | N44: (enter on approval)
A45: A044 | B45: Do features outside earning (Help Center, wallet view) need a generic feature_opened event? | C45: Adoption of non-earning features | D45: Work Package M | E45: Medium | F45: Product / Engineering | G45: Proposed | H45: Work Package F | I45: Pre-launch | J45: RG-03 | K45: Engineering confirms with a code reference, schema or sample record; Written decision or confirmation from the data owner, recorded in the change log | L45: Implementation Backlog, Readiness Assessment
A46: A045 | B46: Is country available at registration, at country level? | C46: Geographic distribution on the User Analytics dashboard | D46: Work Package M | E46: Low | F46: Engineering | G46: To Be Verified | H46: Work Package M | I46: Post-launch | J46: - | K46: Engineering confirms with a code reference, schema or sample record | L46: Dashboard Blueprint, Implementation Backlog
A47: A046 | B47: Will the other simulated datasets (task activity, rewards, wallet, withdrawals, referrals, feature events) be supplied? | C47: Relationship tests beyond Users, most KPI tests and 21 of the 39 quality rules cannot run without them | D47: Dataset profiling | E47: High | F47: Mentor / Product team | G47: To Be Verified | H47: Deliverable 12 | I47: Before the next audit | J47: RG-13 | K47: Written decision or confirmation from the data owner, recorded in the change log; Dataset or documentation supplied and opened | L47: Data Quality Audit, Simulated Data Profiling
A48: A047 | B48: What do the account status values mean (Active, Inactive, Suspended, Pending Verification), and may an Active account have an unverified email? | C48: The dataset's status clashes with the derived activity concept; the allowed combinations are unknown | D48: Data Quality Audit | E48: Medium | F48: Product | G48: To Be Verified | H48: Deliverable 13 | I48: Pre-launch | J48: RG-31 | K48: Written decision or confirmation from the data owner, recorded in the change log | L48: Data Quality Audit, Simulated Data Profiling
A49: A048 | B49: Which user attributes (age, gender, state, city, consent, email verification) will actually be collected, and are they needed for analytics? | C49: Data minimisation and consent fields; the supplied file holds more personal-looking fields than the proposed dictionary | D49: Dataset profiling | E49: Medium | F49: Product / Legal | G49: To Be Verified | H49: Deliverable 12 | I49: Pre-launch | J49: - | K49: Written Legal guidance; Written decision or confirmation from the data owner, recorded in the change log | L49: Simulated Data Profiling
A50: A049 | B50: What reference time and timezone define days_since_registration and the 7-day and 30-day activity flags? | C50: The supplied file does not state it; the counts only reproduce with 15 Sep 2026 00:00 | D50: Dataset profiling | E50: Medium | F50: Engineering / Data Analyst | G50: To Be Verified | H50: Deliverable 12 | I50: Pre-launch | J50: RG-31 | K50: Engineering confirms with a code reference, schema or sample record | L50: Simulated Data Profiling
A51: A050 | B51: Can an account have sessions without a recorded login, or a login without sessions, and which counter is authoritative? | C51: The supplied data contains both; session and active-day counters are unreliable until this is settled | D51: Data Quality Audit | E51: Medium | F51: Engineering | G51: To Be Verified | H51: Deliverable 13 | I51: Pre-launch | J51: RG-31 | K51: Engineering confirms with a code reference, schema or sample record | L51: -

Sheet Sources_Update
A1: Source ID | B1: Information | C1: Source | D1: Source Type | E1: Date Checked | F1: Status | G1: Notes / Limitation
A2: S001 | B2: Task brief states VELOOP is a real product under development; supplied data is fictional/simulated | C2: Task 01 brief (Data_Analyst_01.PDF), Sec. 2 | D2: Internal | E2: 2026-10-08 | F2: Confirmed | G2: Defines how all data in this project must be labelled.
A3: S002 | B3: Brief states VELOOP Rewards currently lacks the production data volume needed for conventional performance analysis | C3: Task 01 brief, Sec. 35 | D3: Internal | E3: 2026-10-08 | F3: Confirmed | G3: Statement from the brief itself, not independently checked.
A4: S003 | B4: Brief lists possible product areas (accounts, VEs, XP, Gems, Tokens, Spins, daily rewards, streaks, tasks, missions, badges, levels, referrals, wallet, exchange, withdrawals, support) | C4: Task 01 brief, Sec. 5 | D4: Internal | E4: 2026-10-08 | F4: Proposed | G4: Brief says 'may include' and warns not to assume every feature is implemented. Treated as candidate scope only.
A5: S004 | B5: Example product areas for mapping: Registration, Login, Watch Ads, Daily Rewards, Tap & Earn, Mining, Spin, Missions, Referrals, Wallet, Withdrawals, Help Center | C5: Task 01 brief, Sec. 7 (A1) | D5: Internal | E5: 2026-10-08 | F5: Proposed | G5: Examples only. Implementation status of each is unverified.
A6: S005 | B6: Minimum event list (user_registered ... withdrawal_reversed) and withdrawal/referral/task lifecycles | C6: Task 01 brief, Sec. 9-12 | D6: Internal | E6: 2026-10-08 | F6: Proposed | G6: These are proposed analytics events, not events known to exist in VELOOP.
A7: S006 | B7: Simulated dataset spec: 7 sheets + Messy_Data; ~1,000 users, 6,000 task rows, 5,000 rewards, 3,500 wallet, 1,200 withdrawals, 900 referrals, 12,000 feature events, 500+ messy rows | C7: Task 01 brief, Sec. 16 & 28 | D7: Simulated | E7: 2026-10-08 | F7: Proposed | G7: Expected structure per the brief. The file supplied contains the Users entity only (see S011).
A8: S007 | B8: Dataset shared via Google Drive folder link | C8: Task 01 brief, header | D8: Internal | E8: 2026-10-08 | F8: Confirmed | G8: The dataset was received as an uploaded file (1791734466513_VELoop_Rewards_Data_01.xlsx) rather than opened from the Drive link.
A9: S008 | B9: Public web search for 'VELOOP Rewards app' returned no official VELOOP Rewards page. Results were unrelated products (Veloop mobility membership in Colombia on Apple App Store, Velocia mobility rewards, VELO nicotine pouch rewards) | C9: Web search, 2026-10-08 | D9: Official | E9: 2026-10-08 | F9: To Be Verified | G9: Name similarity only. These must NOT be used as evidence about VELOOP Rewards. Ask mentor/product team for official docs or app link.
A10: S009 | B10: No official VELOOP Rewards documentation (app, website, help center, whitepaper) has been supplied yet | C10: Task 01 package | D10: Internal | E10: 2026-10-08 | F10: To Be Verified | G10: Request product documentation or a product walkthrough from the VELOOP team.
A11: S010 | B11: Supplied dataset file: sheets Users_1000_Clean (1,000 rows), Users_Messy_Audit (1,008 rows), Data_Dictionary (25 fields), Synthetic_Summary and README_Data_Status | C11: Uploaded file 1791734466513_VELoop_Rewards_Data_01.xlsx | D11: Simulated | E11: 2026-10-11 | F11: Confirmed | G11: Contents confirmed by inspection. The file states it is simulated and not actual VELOOP data.
A12: S011 | B12: The supplied dataset covers the Users entity only; the Task Activity, Rewards, Wallet, Withdrawals, Referrals and Feature Events sheets from the brief are not in the file | C12: Inspection of the uploaded file | D12: Simulated | E12: 2026-10-11 | F12: Confirmed | G12: Limits relationship tests, KPI tests and rule tests (A046).

Sheet Summary_Risk_Status
A1: Risk | B1: To Be Verified | C1: Proposed | D1: Confirmed | E1: Total
A2: Critical | B2: =COUNTIFS(Assumption_Register!E:E,A2,Assumption_Register!G:G,"To Be Verified") -> 5 | C2: =COUNTIFS(Assumption_Register!E:E,A2,Assumption_Register!G:G,"Proposed") -> 0 | D2: =COUNTIFS(Assumption_Register!E:E,A2,Assumption_Register!G:G,"Confirmed") -> 0 | E2: =SUM(B2:D2) -> 5
A3: High | B3: =COUNTIFS(Assumption_Register!E:E,A3,Assumption_Register!G:G,"To Be Verified") -> 16 | C3: =COUNTIFS(Assumption_Register!E:E,A3,Assumption_Register!G:G,"Proposed") -> 2 | D3: =COUNTIFS(Assumption_Register!E:E,A3,Assumption_Register!G:G,"Confirmed") -> 1 | E3: =SUM(B3:D3) -> 19
A4: Medium | B4: =COUNTIFS(Assumption_Register!E:E,A4,Assumption_Register!G:G,"To Be Verified") -> 19 | C4: =COUNTIFS(Assumption_Register!E:E,A4,Assumption_Register!G:G,"Proposed") -> 1 | D4: =COUNTIFS(Assumption_Register!E:E,A4,Assumption_Register!G:G,"Confirmed") -> 1 | E4: =SUM(B4:D4) -> 21
A5: Low | B5: =COUNTIFS(Assumption_Register!E:E,A5,Assumption_Register!G:G,"To Be Verified") -> 5 | C5: =COUNTIFS(Assumption_Register!E:E,A5,Assumption_Register!G:G,"Proposed") -> 0 | D5: =COUNTIFS(Assumption_Register!E:E,A5,Assumption_Register!G:G,"Confirmed") -> 0 | E5: =SUM(B5:D5) -> 5

Sheet Summary_Needed_By
A1: Needed By | B1: Assumptions
A2: Before Work Packages J and K | B2: =COUNTIF(Assumption_Register!I:I,A2) -> 1
A3: Before the next audit | B3: =COUNTIF(Assumption_Register!I:I,A3) -> 1
A4: Before the related dashboard | B4: =COUNTIF(Assumption_Register!I:I,A4) -> 5
A5: Post-launch | B5: =COUNTIF(Assumption_Register!I:I,A5) -> 7
A6: Pre-launch | B6: =COUNTIF(Assumption_Register!I:I,A6) -> 35
A7: Stakeholder decision | B7: =COUNTIF(Assumption_Register!I:I,A7) -> 1
