Workbook

Sheet README
A1: VELOOP REWARDS - Task 01 | Work Package R: Analytics Gap Assessment and Readiness Scorecard
A2: Gaps between what VELOOP needs eventually and what is currently available or verified. Nothing is rated as verified or implemented, because nothing has been confirmed with VELOOP. Levels describe the state of the work, not results. Counts from the supplied simulated dataset describe that file only.
A3: Every priority has a reason, in the style of the brief: Critical means reporting would be unreliable or impossible without it.
A5: Open questions:
A6: - Which Critical gaps can Engineering answer first (RG-01, RG-04, RG-19)?
A7: - When can the remaining datasets be provided, so the data quality gap (RG-13) can close (A046)?
A8: - Who will review the document set for the VELOOP team (RG-27)?
A9: - Which Stakeholder decisions can be taken now ('active' definition, activation rule)?
A11: Live counts
A12: Areas assessed | B12: =COUNTA(Scorecard!A:A)-1 -> 10
A13: Gaps identified | B13: =COUNTA(Gaps!A:A)-1 -> 31
A14: Critical gaps | B14: =COUNTIF(Gaps!D:D,"Critical") -> 3
A15: High gaps | B15: =COUNTIF(Gaps!D:D,"High") -> 15
A16: Areas at level R3 or R4 now | B16: =COUNTIF(Scorecard!E:E,"R3")+COUNTIF(Scorecard!E:E,"R4") -> 0

Sheet Scorecard
A1: Area | B1: Needed Eventually | C1: Currently Available / Verified | D1: Evidence From This Project | E1: Level Now | F1: Level Needed for First Production Reporting | G1: Steps to Go | H1: Area Priority | I1: Priority Reason
A2: Event coverage | B2: Every event in the plan that supports a live feature is emitted, validated and de-duplicated; at least the Critical and High events | C2: No event is confirmed to exist in VELOOP | D2: Event Tracking Plan (42 events, 9 Critical); Coverage Matrix (42 rows); Developer Handoff (25 event requirements) | E2: R1 | F2: R4 | G2: =VALUE(RIGHT(F2,1))-VALUE(RIGHT(E2,1)) -> 3 | H2: Critical | I2: Without events, no production KPI can be computed
A3: Data model | B3: The 10 entities stored with stable keys and enforced relationships | C3: Logical model proposed; not compared with VELOOP's real tables | D3: Logical Data Model (16 foreign keys, 20 relationships, ER diagram) | E3: R1 | F3: R4 | G3: =VALUE(RIGHT(F3,1))-VALUE(RIGHT(E3,1)) -> 3 | H3: Critical | I3: Without a stable user_id and transaction_id, joins and wallet deduplication cannot be guaranteed
A4: Data dictionary | B4: Every field defined with confirmed allowed values, units and sensitivity | C4: 128 fields defined; 0 confirmed; the Users entity was compared with the supplied dataset; other entities have no data | D4: Data Dictionary (128 fields, 99 unique names, 6 Restricted); Simulated Data Profiling (schema alignment of the 27 dataset columns) | E4: R2 | F4: R3 | G4: =VALUE(RIGHT(F4,1))-VALUE(RIGHT(E4,1)) -> 1 | H4: High | I4: Allowed values, units and methods are unconfirmed, so validation cannot be finalised
A5: KPI definitions | B5: Agreed, reproducible definitions with owners and no unsettled terms | C5: 54 KPIs defined; 12 To Be Verified; tested against the supplied file: 2 calculable, 5 partly, 47 not; 'active' and 'activation' undecided | D5: KPI Catalogue (54 KPIs); Simulated Data Profiling (KPI test of every KPI) | E5: R2 | F5: R3 | G5: =VALUE(RIGHT(F5,1))-VALUE(RIGHT(E5,1)) -> 1 | H5: High | I5: Core KPIs could change meaning once 'active' and 'activation' are decided
A6: Data quality | B6: Rules running at the earliest sensible layer, with quarantine, owners and rules proven on real data | C6: 39 rules designed; 18 tested on the Users data (7 passed, 8 failed); 21 could not be tested | D6: Data Quality Control Framework (39 rules, 11 Critical); Data Quality Audit (25 issues logged) | E6: R2 | F6: R4 | G6: =VALUE(RIGHT(F6,1))-VALUE(RIGHT(E6,1)) -> 2 | H6: High | I6: Only the Users data could be tested; rules for rewards, wallet, withdrawals, referrals and events remain unproven
A7: Dashboard readiness | B7: Dashboards fed by the analytics layer, with a chosen tool and confirmed KPIs | C7: 56 visuals specified; no tool, no data | D7: Dashboard Blueprint (7 dashboards, 56 visuals, wireframes) | E7: R1 | F7: R4 | G7: =VALUE(RIGHT(F7,1))-VALUE(RIGHT(E7,1)) -> 3 | H7: Medium | I7: Specified, but blocked by events; building earlier would add no value
A8: Engineering instrumentation | B8: Collection route, idempotent writes, UTC timestamps, provider ids and a data store | C8: Specification written; no engineering response recorded | D8: Developer Handoff (25 events, 120 payload rows, 12 general requirements, 12 pre-conditions); Pipeline Proposal (13 components) | E8: R1 | F8: R4 | G8: =VALUE(RIGHT(F8,1))-VALUE(RIGHT(E8,1)) -> 3 | H8: Critical | I8: Idempotency and the collection route are undecided, so duplicates and gaps are possible
A9: Access control | B9: Roles, owners, grants and logging in place; Restricted fields protected | C9: Access model proposed for 6 roles and 10 zones; nothing implemented | D9: Privacy and Governance Proposal (6 Restricted fields, owners, workflow) | E9: R1 | F9: R4 | G9: =VALUE(RIGHT(F9,1))-VALUE(RIGHT(E9,1)) -> 3 | H9: High | I9: Restricted fields need owners and grants before data flows
A10: Documentation | B10: Reviewed, versioned and agreed with Product and Engineering | C10: 22 documents at baseline versions; not yet reviewed by the VELOOP team | D10: Assumption Register (50 unknowns), Change Management (log, versions, impact matrix) | E10: R1 | F10: R3 | G10: =VALUE(RIGHT(F10,1))-VALUE(RIGHT(E10,1)) -> 2 | H10: Medium | I10: Statuses stay Proposed until the VELOOP team confirms them
A11: Reporting | B11: Regular business reporting from governed production data | C11: No production reporting exists or is verified | D11: KPI Catalogue and Dashboard Blueprint define what reports would contain | E11: R1 | F11: R4 | G11: =VALUE(RIGHT(F11,1))-VALUE(RIGHT(E11,1)) -> 3 | H11: High | I11: No figure can be relied on until the layers below exist

Sheet Gaps
A1: Gap ID | B1: Area | C1: Gap | D1: Priority | E1: Priority Reason | F1: Owner | G1: Related Assumptions | H1: Earlier Gaps | I1: Needed By | J1: Closing Evidence | K1: Proposed Backlog Item
A2: RG-01 | B2: Event coverage | C2: None of the 42 proposed events is confirmed to exist in VELOOP, including the 9 Critical ones | D2: Critical | E2: Without registered, task, reward, wallet and withdrawal events, none of the core KPIs can be computed from production data | F2: Engineering | G2: A001, A021 | H2: G03 | I2: Pre-launch | J2: Engineering lists emitted events with a sample record for each | K2: Confirm which events exist and who emits them
A3: RG-02 | B3: Event coverage | C3: It is not confirmed which events come from the frontend and which from the backend | D3: High | E3: Outcomes emitted by the frontend would count results the system never confirmed | F3: Engineering | G3: A021 | H3: - | I3: Pre-launch | J3: Emitter recorded for every Critical and High event | K3: Confirm emitter for each event
A4: RG-03 | B4: Event coverage | C4: 17 Medium and Low events are not specified to engineering level | D4: Medium | E4: Not needed for the first release, but needed for full coverage of features and dashboards | F4: Data Analyst | G4: A044 | H4: - | I4: Post-launch | J4: Handoff requirements written for the remaining events | K4: Specify Medium and Low events
A5: RG-04 | B5: Data model | C5: A stable user_id and a unique transaction_id are not confirmed | D5: Critical | E5: Without a stable user_id, cross-event analysis breaks; without a transaction_id, reliable wallet deduplication cannot be guaranteed | F5: Engineering | G5: A003, A005 | H5: G01, G02 | I5: Pre-launch | J5: Engineering confirms immutable user_id and unique, idempotent transaction_id | K5: Stable user_id and transaction_id
A6: RG-05 | B6: Data model | C6: Withdrawal state history may not be stored with a timestamp per state | D6: High | E6: Without per-state times, only the latest status is visible and processing time cannot be measured | F6: Engineering | G6: A006, A007 | H6: G06 | I6: Pre-launch | J6: Sample withdrawal shows requested, processing and final timestamps | K6: Store withdrawal state history
A7: RG-06 | B7: Data model | C7: The logical model has not been compared with VELOOP's real tables | D7: Medium | E7: Entities and keys follow the brief, not the product, so some may need to change | F7: Data Analyst | G7: A011, A031 | H7: - | I7: Pre-launch | J7: Model compared with the real schema and differences logged | K7: Compare model with real schema
A8: RG-07 | B8: Data dictionary | C8: All 128 fields are Proposed or To Be Verified; none is Confirmed | D8: High | E8: Allowed values, units and methods are placeholders, so validation rules cannot be finalised | F8: Engineering / Product | G8: A002, A006, A022 | H8: - | I8: Pre-launch | J8: Fields confirmed with allowed value lists in the reference table | K8: Confirm fields and approved lists
A9: RG-08 | B9: Data dictionary | C9: Example values are illustrative, so real value formats are unknown | D9: Low | E9: Formats matter for validation but do not block design | F9: Engineering | G9: A022 | H9: - | I9: Post-launch | J9: Real examples (sanitised) added | K9: Add real example formats
A10: RG-09 | B10: KPI definitions | C10: Which events make a user 'active', and the activity window, are not decided | D10: High | E10: DAU, WAU, MAU, returning and inactive users all depend on it | F10: Product | G10: A024 | H10: - | I10: Stakeholder decision | J10: Decision recorded in the change log | K10: Decide 'active' definition
A11: RG-10 | B11: KPI definitions | C11: The activation definition for users and referrals is not agreed | D11: High | E11: Referral activation and conversion would be reported on an unstable rule | F11: Product | G11: A010 | H11: G07 | I11: Stakeholder decision | J11: One activation rule agreed with a version | K11: Agree activation definition
A12: RG-11 | B12: KPI definitions | C12: Timezone and week and month boundaries are not agreed | D12: Medium | E12: Daily metrics shift between days if the timezone changes | F12: Engineering / Product | G12: A012 | H12: G11 | I12: Pre-launch | J12: Timezone and boundaries written into the KPI Catalogue | K12: Agree timezone and period boundaries
... A32: RG-31 | B32: Data quality | C32: Stored derived fields, counters and consent and status fields in the supplied Users data contradict each other in places | D32: High | E32: Metrics built on these fields would be wrong; several of the issues exist in the 'clean' sheet as well as the audit sheet | F32: Engineering / Product | G32: A047, A049, A050 | H32: - | I32: Pre-launch | J32: Derived values computed in the analytics layer; counters and consent rules enforced and tested | K32: Fix derived fields, counters and consent consistency

Sheet Gap_Summary
A1: Area | B1: Critical | C1: High | D1: Medium | E1: Low | F1: Total
A2: Event coverage | B2: =COUNTIFS(Gaps!B:B,A2,Gaps!D:D,"Critical") -> 1 | C2: =COUNTIFS(Gaps!B:B,A2,Gaps!D:D,"High") -> 1 | D2: =COUNTIFS(Gaps!B:B,A2,Gaps!D:D,"Medium") -> 1 | E2: =COUNTIFS(Gaps!B:B,A2,Gaps!D:D,"Low") -> 0 | F2: =SUM(B2:E2) -> 3
A3: Data model | B3: =COUNTIFS(Gaps!B:B,A3,Gaps!D:D,"Critical") -> 1 | C3: =COUNTIFS(Gaps!B:B,A3,Gaps!D:D,"High") -> 1 | D3: =COUNTIFS(Gaps!B:B,A3,Gaps!D:D,"Medium") -> 1 | E3: =COUNTIFS(Gaps!B:B,A3,Gaps!D:D,"Low") -> 0 | F3: =SUM(B3:E3) -> 3
A4: Data dictionary | B4: =COUNTIFS(Gaps!B:B,A4,Gaps!D:D,"Critical") -> 0 | C4: =COUNTIFS(Gaps!B:B,A4,Gaps!D:D,"High") -> 1 | D4: =COUNTIFS(Gaps!B:B,A4,Gaps!D:D,"Medium") -> 0 | E4: =COUNTIFS(Gaps!B:B,A4,Gaps!D:D,"Low") -> 1 | F4: =SUM(B4:E4) -> 2
A5: KPI definitions | B5: =COUNTIFS(Gaps!B:B,A5,Gaps!D:D,"Critical") -> 0 | C5: =COUNTIFS(Gaps!B:B,A5,Gaps!D:D,"High") -> 3 | D5: =COUNTIFS(Gaps!B:B,A5,Gaps!D:D,"Medium") -> 1 | E5: =COUNTIFS(Gaps!B:B,A5,Gaps!D:D,"Low") -> 0 | F5: =SUM(B5:E5) -> 4
A6: Data quality | B6: =COUNTIFS(Gaps!B:B,A6,Gaps!D:D,"Critical") -> 0 | C6: =COUNTIFS(Gaps!B:B,A6,Gaps!D:D,"High") -> 2 | D6: =COUNTIFS(Gaps!B:B,A6,Gaps!D:D,"Medium") -> 2 | E6: =COUNTIFS(Gaps!B:B,A6,Gaps!D:D,"Low") -> 0 | F6: =SUM(B6:E6) -> 4
A7: Dashboard readiness | B7: =COUNTIFS(Gaps!B:B,A7,Gaps!D:D,"Critical") -> 0 | C7: =COUNTIFS(Gaps!B:B,A7,Gaps!D:D,"High") -> 1 | D7: =COUNTIFS(Gaps!B:B,A7,Gaps!D:D,"Medium") -> 2 | E7: =COUNTIFS(Gaps!B:B,A7,Gaps!D:D,"Low") -> 0 | F7: =SUM(B7:E7) -> 3
A8: Engineering instrumentation | B8: =COUNTIFS(Gaps!B:B,A8,Gaps!D:D,"Critical") -> 1 | C8: =COUNTIFS(Gaps!B:B,A8,Gaps!D:D,"High") -> 3 | D8: =COUNTIFS(Gaps!B:B,A8,Gaps!D:D,"Medium") -> 1 | E8: =COUNTIFS(Gaps!B:B,A8,Gaps!D:D,"Low") -> 0 | F8: =SUM(B8:E8) -> 5
A9: Access control | B9: =COUNTIFS(Gaps!B:B,A9,Gaps!D:D,"Critical") -> 0 | C9: =COUNTIFS(Gaps!B:B,A9,Gaps!D:D,"High") -> 1 | D9: =COUNTIFS(Gaps!B:B,A9,Gaps!D:D,"Medium") -> 1 | E9: =COUNTIFS(Gaps!B:B,A9,Gaps!D:D,"Low") -> 1 | F9: =SUM(B9:E9) -> 3
A10: Documentation | B10: =COUNTIFS(Gaps!B:B,A10,Gaps!D:D,"Critical") -> 0 | C10: =COUNTIFS(Gaps!B:B,A10,Gaps!D:D,"High") -> 0 | D10: =COUNTIFS(Gaps!B:B,A10,Gaps!D:D,"Medium") -> 1 | E10: =COUNTIFS(Gaps!B:B,A10,Gaps!D:D,"Low") -> 1 | F10: =SUM(B10:E10) -> 2
A11: Reporting | B11: =COUNTIFS(Gaps!B:B,A11,Gaps!D:D,"Critical") -> 0 | C11: =COUNTIFS(Gaps!B:B,A11,Gaps!D:D,"High") -> 2 | D11: =COUNTIFS(Gaps!B:B,A11,Gaps!D:D,"Medium") -> 0 | E11: =COUNTIFS(Gaps!B:B,A11,Gaps!D:D,"Low") -> 0 | F11: =SUM(B11:E11) -> 2
A12: Total | B12: =SUM(B2:B11) -> 3 | C12: =SUM(C2:C11) -> 15 | D12: =SUM(D2:D11) -> 10 | E12: =SUM(E2:E11) -> 3 | F12: =SUM(F2:F11) -> 31

Sheet Readiness_Scale
A1: Level | B1: Meaning
A2: R0 | B2: Not defined
A3: R1 | B3: Designed on paper (this project)
A4: R2 | B4: Designed and checked against the simulated dataset
A5: R3 | B5: Verified with VELOOP engineering or product
A6: R4 | B6: Implemented and monitored in production
