Workbook

Sheet README
A1: VELOOP REWARDS - Task 01 | Final Implementation Backlog
A2: The backlog is Proposed: it has not been agreed with Engineering or Product. Priorities and order may change once VELOOP confirms the facts in the Assumption Register. No simulated or real VELOOP statistics are included.
A4: - Priority comes from the readiness gaps and assumption risks. Every priority has a reason, as the brief requires.
A5: - Wave shows build order: wave 1 has no dependencies, wave 2 depends only on wave 1, and so on.
A6: - Stage follows the brief: Pre-launch means needed before production reporting is relied on; Post-launch means it can follow.
A7: - Milestones M1 to M7 are those in the Pipeline Proposal; J and K are the dataset-dependent work packages.
A8: - Items of type Decision or Confirmation need an answer, not engineering effort, and are the quickest to close.
A9: - Critical Path = Yes marks a High or lower item that gates a Critical item, so it should not slip even though its own priority is lower.
A11: Open questions:
A12: - Does Engineering agree the order and dependencies?
A13: - Who will own backlog tracking day to day?
A14: - Which Product decisions can be taken in the first conversation?
... A17: Live counts
A18: Backlog items | B18: =COUNTA(Backlog!A:A)-1 -> 43
A19: Critical | B19: =COUNTIF(Backlog!B:B,"Critical") -> 6
A20: Pre-launch | B20: =COUNTIF(Backlog!G:G,"Pre-launch") -> 33
A21: Post-launch | B21: =COUNTIF(Backlog!G:G,"Post-launch") -> 10
A22: Wave 1 (no dependencies) | B22: =COUNTIF(Backlog!I:I,1) -> 17

Sheet Backlog
A1: ID | B1: Priority | C1: Requirement | D1: Reason | E1: Dependency | F1: Owner | G1: Stage | H1: Type | I1: Wave | J1: Milestone | K1: Sources | L1: Closing Evidence | M1: Linked Documents | N1: Status | O1: Critical Path
A2: BL-01 | B2: Critical | C2: Confirm which of the 42 proposed events already exist, who emits each, and whether each comes from the frontend or backend | D2: Critical - Without registered, task, reward, wallet and withdrawal events, none of the core KPIs can be computed from production data | E2: None | F2: Engineering | G2: Pre-launch | H2: Confirmation | I2: 1 | J2: M1 | K2: RG-01, RG-02, A001, A021 | L2: Engineering lists emitted events, with a sample record and the emitter for each | M2: Event Tracking Plan; Developer Handoff | N2: Proposed (not yet agreed with Engineering or Product) | O2: Critical item
A3: BL-02 | B3: Critical | C3: Guarantee a stable, immutable user_id and a unique transaction_id on every wallet entry | D3: Critical - Without a stable transaction ID, reliable wallet transaction deduplication cannot be guaranteed; without a stable user_id, cross-event analysis breaks | E3: None | F3: Engineering | G3: Pre-launch | H3: Engineering build | I3: 1 | J3: M1 | K3: RG-04, AP-01, AP-02, A003, A005 | L3: Same user keeps one user_id across devices; no two wallet entries share a transaction_id | M3: Logical Data Model; Developer Handoff | N3: Proposed (not yet agreed with Engineering or Product) | O3: Critical item
A4: BL-03 | B4: Critical | C4: Confirm the wallet ledger design: append-only or edited in place, when withdrawal amounts are held, fees and limits, cancellation, and redemption and exchange records | D4: Critical - If balances are edited in place, balance reconciliation and reversals cannot be trusted | E4: None | F4: Engineering / Product | G4: Pre-launch | H4: Confirmation | I4: 1 | J4: M1 | K4: A026, A027, A028, A029, A030 | L4: Written answers recorded in the assumption register | M4: Wallet and Withdrawal Specification; Logical Data Model | N4: Proposed (not yet agreed with Engineering or Product) | O4: Critical item
A5: BL-04 | B5: Critical | C5: Agree and test an idempotency design for event and wallet writes | D5: Critical - Retries could create duplicate events and duplicate wallet credits | E5: BL-02 | F5: Engineering | G5: Pre-launch | H5: Engineering build | I5: 2 | J5: M1 | K5: RG-19, AG-03, AG-04, A023 | L5: A repeated request produces one event and one wallet entry | M5: Developer Handoff | N5: Proposed (not yet agreed with Engineering or Product) | O5: Critical item
A6: BL-05 | B6: Critical | C6: Implement the common payload and general engineering requirements (AG-01 to AG-12) | D6: Critical - Without a common payload, events cannot be deduplicated, ordered or traced to a user | E6: BL-16, BL-04, BL-10 | F6: Engineering | G6: Pre-launch | H6: Engineering build | I6: 3 | J6: M2 | K6: AG-01 to AG-12 | L6: Sampled events pass every general acceptance test | M6: Developer Handoff; Event Tracking Plan | N6: Proposed (not yet agreed with Engineering or Product) | O6: Critical item
A7: BL-06 | B7: Critical | C7: Instrument the 9 Critical events to the developer handoff specification (AE-001 to AE-009) | D7: Critical - Core KPIs for registrations, tasks, rewards, wallet and withdrawals depend on them | E7: BL-02, BL-04, BL-05, BL-15, BL-21, BL-03 | F7: Engineering | G7: Pre-launch | H7: Engineering build | I7: 5 | J7: M2 | K7: AE-001 to AE-009 | L7: Each event passes its positive and negative acceptance test | M7: Developer Handoff; Event Tracking Plan | N7: Proposed (not yet agreed with Engineering or Product) | O7: Critical item
A8: BL-07 | B8: High | C8: Decide which events make a user 'active' and the activity window | D8: High - DAU, WAU, MAU, returning and inactive users all depend on it | E8: None | F8: Product | G8: Pre-launch | H8: Decision | I8: 1 | J8: M1 | K8: RG-09, A024 | L8: Decision recorded in the change log | M8: KPI Catalogue; Referral and Engagement | N8: Proposed (not yet agreed with Engineering or Product) | O8: No
A9: BL-08 | B9: High | C9: Agree one activation definition for users and referrals, stored with a rule version | D9: High - Referral activation and conversion would be reported on an unstable rule | E9: None | F9: Product | G9: Pre-launch | H9: Decision | I9: 1 | J9: M1 | K9: RG-10, AP-07, A010 | L9: One rule agreed, with a version number | M9: Referral and Engagement; KPI Catalogue | N9: Proposed (not yet agreed with Engineering or Product) | O9: No
A10: BL-09 | B10: High | C10: Define reward units and any conversion between them | D10: High - Amounts in different units cannot be added or compared | E10: None | F10: Product / Finance | G10: Pre-launch | H10: Decision | I10: 1 | J10: M1 | K10: RG-12, AP-04, A002 | L10: Unit list and conversion rule confirmed | M10: Earning and Reward; Wallet and Withdrawal | N10: Proposed (not yet agreed with Engineering or Product) | O10: Yes
A11: BL-10 | B11: High | C11: Standardise UTC timestamps and agree the timezone and week and month boundaries | D11: High - A wrong day or a missing timezone changes daily metrics and streaks | E11: None | F11: Engineering / Product | G11: Pre-launch | H11: Engineering build | I11: 1 | J11: M1 | K11: RG-11, RG-22, AP-10, A012 | L11: Sample records show UTC ISO 8601; boundaries written into the KPI Catalogue | M11: KPI Catalogue; Developer Handoff | N11: Proposed (not yet agreed with Engineering or Product) | O11: Yes
A12: BL-11 | B12: High | C12: Confirm which features are live and which are planned | D12: High - Events built for features that do not exist waste effort and leave dashboards empty | E12: None | F12: Product | G12: Pre-launch | H12: Confirmation | I12: 1 | J12: M1 | K12: G13, A008 | L12: Feature list with live, planned or not planned | M12: Source and Verification Register; Coverage Matrix | N12: Proposed (not yet agreed with Engineering or Product) | O12: No
A13: BL-12 | B13: High | C13: Obtain the remaining simulated datasets (task activity, rewards, wallet, withdrawals, referrals, feature events) and re-run the profiling, relationship tests, KPI test and quality audit | D13: High - Only the Users data has been tested; most KPIs and 21 of the 39 quality rules could not be tested without the other datasets | E13: None | F13: Mentor / Product team; Data Analyst | G13: Pre-launch | H13: Analysis (needs datasets) | I13: 1 | J13: J and K | K13: RG-13, A046 | L13: All datasets profiled and the audit and KPI test re-run, with issue counts by rule ID | M13: Simulated Data Profiling; Data Quality Audit; KPI Catalogue | N13: Proposed (not yet agreed with Engineering or Product) | O13: No
... A44: BL-43 | B44: Low | C44: Review scale triggers and add Phase 2 components only where a trigger is met | D44: Low - Avoid infrastructure added only because it sounds professional | E44: BL-37 | F44: Engineering / Data Analyst | G44: Post-launch | H44: Governance | I44: 8 | J44: M7 | K44: Pipeline Proposal (scale triggers) | L44: Each added component names its trigger | M44: Pipeline Proposal | N44: Proposed (not yet agreed with Engineering or Product) | O44: No

Sheet Summary_Priority_Stage
A1: Priority | B1: Pre-launch | C1: Post-launch | D1: Total
A2: Critical | B2: =COUNTIFS(Backlog!B:B,A2,Backlog!G:G,"Pre-launch") -> 6 | C2: =COUNTIFS(Backlog!B:B,A2,Backlog!G:G,"Post-launch") -> 0 | D2: =SUM(B2:C2) -> 6
A3: High | B3: =COUNTIFS(Backlog!B:B,A3,Backlog!G:G,"Pre-launch") -> 17 | C3: =COUNTIFS(Backlog!B:B,A3,Backlog!G:G,"Post-launch") -> 2 | D3: =SUM(B3:C3) -> 19
A4: Medium | B4: =COUNTIFS(Backlog!B:B,A4,Backlog!G:G,"Pre-launch") -> 10 | C4: =COUNTIFS(Backlog!B:B,A4,Backlog!G:G,"Post-launch") -> 3 | D4: =SUM(B4:C4) -> 13
A5: Low | B5: =COUNTIFS(Backlog!B:B,A5,Backlog!G:G,"Pre-launch") -> 0 | C5: =COUNTIFS(Backlog!B:B,A5,Backlog!G:G,"Post-launch") -> 5 | D5: =SUM(B5:C5) -> 5
A6: Total | B6: =SUM(B2:B5) -> 33 | C6: =SUM(C2:C5) -> 10 | D6: =SUM(D2:D5) -> 43

Sheet Summary_Wave
A1: Wave | B1: Items
A2: 1 | B2: =COUNTIF(Backlog!I:I,A2) -> 17
A3: 2 | B3: =COUNTIF(Backlog!I:I,A3) -> 11
A4: 3 | B4: =COUNTIF(Backlog!I:I,A4) -> 6
A5: 4 | B5: =COUNTIF(Backlog!I:I,A5) -> 1
A6: 5 | B6: =COUNTIF(Backlog!I:I,A6) -> 1
A7: 6 | B7: =COUNTIF(Backlog!I:I,A7) -> 2
A8: 7 | B8: =COUNTIF(Backlog!I:I,A8) -> 3
A9: 8 | B9: =COUNTIF(Backlog!I:I,A9) -> 2

Sheet Summary_Type
A1: Type | B1: Items
A2: Analysis | B2: =COUNTIF(Backlog!H:H,A2) -> 1
A3: Analysis (needs datasets) | B3: =COUNTIF(Backlog!H:H,A3) -> 1
A4: Confirmation | B4: =COUNTIF(Backlog!H:H,A4) -> 9
A5: Decision | B5: =COUNTIF(Backlog!H:H,A5) -> 8
A6: Documentation | B6: =COUNTIF(Backlog!H:H,A6) -> 1
A7: Engineering build | B7: =COUNTIF(Backlog!H:H,A7) -> 16
A8: Governance | B8: =COUNTIF(Backlog!H:H,A8) -> 7
